Hydroelectric,Nuclear,Coal,Fuel,Gas,Special
0.849275791846568,0.8461262008431818,0.22301536046419204,0.06884793304553109,0.09611508048339772,0.24579185520361996
0.9999999999999999,0.9954247010850785,0.22649481360782128,0.06387194516558435,0.06767354787678712,0.2580995475113122
0.9573400870711276,0.910539774690718,0.15364537795087826,0.06717274753075979,0.0,0.2631674208144797
0.8933165387991907,0.7826663902135602,0.09129043796200623,0.07858236561670331,0.0,0.27502262443438913
0.961050376866652,0.7454696247149075,0.45979055718941264,0.19350459282357527,0.28925238182072227,0.29122171945701364
0.9437001412267644,0.8189232151496302,0.6449656227644861,0.27317187971141327,0.4213874830969472,0.31167420814479635
0.9161564316554517,0.7580482410671088,0.6858308163103092,0.3606348319151596,0.39618150859302664,0.32289592760181
0.9140851806198261,0.8519731840486557,0.6796011843255703,0.4073794062056438,0.3323927618226642,0.33294117647058824
0.8447852746961605,0.8435966549174096,0.4618720689929259,0.0728618181550749,0.0,0.3485972850678733
0.9031676107978975,0.6281429262561338,0.7709591844845401,0.47345134695858737,0.1415723924302742,0.3370135746606335
0.8388016605932422,0.532351924804755,0.8395894602972737,0.850346760018533,0.0858665612026685,0.29592760180995475
0.856410100969278,0.6555808970903312,0.8825113266036085,0.8146911519198664,0.11732672446662136,0.268054298642534
0.8412489924402143,0.7409219711106505,0.9056662824894682,0.6653114956645804,0.12192222345895076,0.25085972850678734
0.6603148301574151,0.8385652083765291,0.716104641920356,0.023076346039287213,0.13076983192859393,0.18461538461538468
0.7310180226905831,0.8414403206856036,0.737188021619903,0.23827230406036493,0.2356078349646309,0.21221719457013571
0.7237321586140468,0.8272029856935517,0.7693843891582545,0.3562883807814787,0.24097063190775375,0.0
0.7928524438516962,0.9517312875803443,0.7169044591049996,0.34763225052032387,0.23065710543952675,0.13864253393665166
0.8159505414441054,0.8810145829013754,0.6803413878070106,0.2418053584167445,0.21922460279305928,0.11085972850678733
0.736822016107485,0.8405694933996821,0.34621154916143393,0.05502857184882293,0.01359171223485001,0.2931221719457014
0.814524802248851,0.9999999999999998,0.5889684842222399,0.25221477793385455,0.199220387390737,0.1859728506787331
0.8025912529216427,0.9024258760107815,0.6118998887210874,0.23803696322063939,0.2102254292960989,0.22633484162895928
0.8577909349930285,0.7002004285023153,0.5836877036801525,0.2104653129665448,0.21729925330542013,0.2296832579185521
0.8715319174732757,0.47345359043472235,0.705478499324378,0.20361983629102837,0.2518797615692664,0.27149321266968324
0.8120213389374987,0.48713801921349087,0.7253596693426595,0.4217204886264185,0.332170150688792,0.4054298642533937
0.7569226935019971,0.4451586149699358,0.6541610364835864,0.1814992682370765,0.1552298223136875,0.4381900452488688
0.8150524380140239,0.645642407906559,0.7048575232493443,0.3534128098960823,0.28787408735355624,0.4792760180995475
0.7806213977632734,0.7415716359112585,0.6799737699705906,0.34204437645709074,0.31590059228770834,0.4444343891402715
0.79157264646383,0.8017416545718434,0.6912506954932041,0.3696998668853375,0.32534854035774086,0.431764705882353
0.8261664679612828,0.7934480613725896,0.6933669819569191,0.31920896060247256,0.34965222930841355,0.3383710407239819
0.8401993340563066,0.7369548690303407,0.7251559891900484,0.2843476278378796,0.39076897937531535,0.40479638009049773
0.7676943215165375,0.7158062063722441,0.6015370399809236,0.14176520338596635,0.1575293479625161,0.44588235294117645
0.683794621707609,0.8335475844909805,0.5212721564263572,0.08126657498179785,0.13034473939104013,0.48932126696832584
0.7998632637527701,0.8124818577648767,0.6836896908035927,0.23905922499319718,0.2921676403930271,0.5050678733031675
0.7600772818001585,0.7562927638399335,0.7414553692075352,0.29872989490560625,0.3830415311856885,0.5113122171945701
0.7176138289966164,0.8017416545718434,0.7535221762975916,0.26201672390842295,0.4049332048188206,0.4737556561085973
0.7346272758502232,0.7979127790448544,0.8022762499006438,0.18100946511439772,0.4436805672321148,0.4057918552036199
0.6345055828354472,0.7445711521183218,0.7169541371910023,0.0,0.2245909520415099,0.46162895927601816
0.6620998107247021,0.787020526643168,0.8280293696844447,0.2704066248446383,0.3696327626752175,0.4240723981900452
0.646719789484556,0.6644412191582003,0.8138462761306732,0.5583167246438631,0.5578137692090911,0.402262443438914
0.5974026848802042,0.6769368995784089,0.8336231221683491,0.5439800548638333,0.6339846682502055,0.43583710407239823
0.5599742244315566,0.7965858041329741,0.9313349495270645,0.488598471755422,0.6230826431993483,0.411131221719457
0.5121838956583435,0.8817471836339761,0.9214937206899293,0.28427114206496873,0.5995107291461916,0.46208144796380096
0.3745057624561333,0.8035385997650148,0.8121373499721802,0.0902760106785906,0.2631251761351392,0.4426244343891403
0.3201581560140373,0.7568042020872208,0.7033870519036642,0.08809601906260801,0.1776721032726205,0.3790045248868778
0.4437652537254453,0.9254267744833784,0.8330766632223193,0.2594235620306973,0.46699908350522545,0.3492307692307693
0.4768884308561395,0.8219918446333538,0.7800999523090374,0.317898406301251,0.4957715725582046,0.3825339366515837
0.6861521432115729,0.8005114382472873,0.7149123678562912,0.25767174365499035,0.445197401607063,0.3840723981900453
0.8173875069322358,0.8104499274310595,0.5348243382878944,0.17190324549726785,0.31852219361958606,0.33402714932126704
0.8342493988320165,0.6663487455940287,0.4697559812415547,0.09440285939120266,0.2199196705355219,0.3108597285067874
0.771567392558764,0.5164973391388485,0.2783483029965821,0.09273899965434314,0.14366825257364524,0.38751131221719454
0.8118641708372345,0.6517381989080102,0.6573553374135601,0.1225640384488097,0.30626792434063294,0.3446153846153846
0.8568367000985669,0.6433063791554356,0.639595421667594,0.12307590477521273,0.32657171749226194,0.2536651583710407
0.8635893152634923,0.5477780081553665,0.6370866783244575,0.08771609069447611,0.3326828667577636,0.3638914027149321
0.7600941212394725,0.33439767779390417,0.5105615610841745,0.08703801490001692,0.14099691896717909,0.35384615384615387
0.6855234708105159,0.40993848918377207,0.4253686113981401,0.07550425452111817,0.1171388075147835,0.3476923076923077
0.6604214799397373,0.3808279770543921,0.7255136714092679,0.11860266376412965,0.3024787986577023,0.36778280542986425
0.682660766127131,0.34354827562374735,0.6852744217470789,0.08629242570216146,0.4895443813186631,0.3490497737556561
0.696160383310544,0.3573571083005045,0.6804308083618154,0.08533208798805646,0.326514880607018,0.3732126696832579
0.5422198422481325,0.37760729836201534,0.6518410698672601,0.07303641164054628,0.07949396226504461,0.36226244343891406
0.5822359632047025,0.32107263805377007,0.7682020507113901,0.08696035242290749,0.42711261518350024,0.3570135746606335
0.4643037565421222,0.3298223788789827,0.7428264843812097,0.08647437358887426,0.30942473967522455,0.3235294117647059
0.49514238307254654,0.3999585320340038,0.7916203004530641,0.08828502717451259,0.4591840117841809,0.36932126696832585
0.5277379244380679,0.3470177621121018,0.7238891979969796,0.08681046972560728,0.4941659305500627,0.49330316742081454
0.4089076143454061,0.33956735088810563,0.6977138144821556,0.08589131665845424,0.08422906685675448,0.5015384615384615
0.30379078231544543,0.39066970765083964,0.5943734599793339,0.08804453825391806,0.024448267777512016,0.5011764705882353
0.4793694415817398,0.36025986592024317,0.7910837771242349,0.08749766497760585,0.3716125808445488,0.5569230769230769
0.48130036395641507,0.3683046513235193,0.819688419044591,0.0877574224294529,0.4941576418376312,0.5124886877828054
0.43112444794704785,0.4448130485866335,0.7740143867737064,0.09288858817559369,0.5140446311641378,0.5557466063348415
0.48586385201051685,0.46645932683668545,0.8038411096097289,0.08639126885484617,0.4087791673869953,0.627420814479638
0.3800605321711875,0.5903379639228696,0.5559872029250457,0.09200826634699535,0.0,0.6040723981900451
0.6010287774791584,0.5384753611168704,0.7529210714569589,0.08943657932089458,0.22246785755729281,0.5551131221719456
0.5514254024064682,0.4754164074918792,0.8247953262856689,0.09553970273510182,0.26220512905525256,0.5729411764705883
0.5768080505991473,0.5240168636395051,0.7642576106827755,0.1314466842682003,0.24074565257032973,0.5937556561085973
0.5845149006585344,0.5068629483723821,0.6816528892774819,0.06089444227898186,0.27932605663321974,0.47466063348416293
0.5897182874065692,0.516552629760177,0.6533910261505445,0.02800541283931369,0.22158214942890772,0.47981900452488685
0.5486581212125294,0.6082797705439213,0.7170833002146093,0.03296213218800791,0.22938419603041724,0.5586425339366516
0.5170729462058498,0.43578685465477895,0.797998966695811,0.09479984997021466,0.3194256632746098,0.5206334841628959
0.5426969596953634,0.39209344115004496,0.80128765598919,0.13709162848506687,0.3407915957192353,0.5042533936651583
0.5369098057177755,0.42934549727002547,0.8145368015261107,0.14095592507336016,0.3667068471869295,0.47556561085972854
0.5027931016675535,0.4858386896122744,0.8430768619346632,0.1413883638663558,0.26141651727249265,0.46941176470588236
0.3861485507978526,0.3732255166217431,0.6413291868690882,0.107749626764137,0.223674457266951,0.537737556561086
0.49746061255144447,0.5574953348538252,0.6934911771719259,0.0,0.1287355450775705,0.5724886877828055
0.49133666978757606,0.5858041329739441,0.7489766314283443,0.0,0.17845124224117312,0.580814479638009
0.486537429583078,0.7259243900753336,0.7241872665129958,0.0,0.12553728618082183,0.5174660633484163
0.32641737560706185,0.7108991637293525,0.5856350846514585,0.0,0.05087090685618611,0.6129411764705881
0.28551269356935494,0.5258276314880088,0.38855714967013755,0.0,0.008071358709423793,0.6068778280542986
0.4228618963902978,0.38078650908839595,0.3993820046101264,0.0,0.011615730555272688,0.6073303167420814
0.3533239930576605,0.33869652360218394,0.31441459343454414,0.0,0.027106339444087902,0.6183710407239817
0.4160363103216782,0.236381228834059,0.49382004610126384,0.0,0.08101352007407742,0.5977375565610858
0.6080283710873563,0.3826940355242241,0.6829196804705508,0.0,0.20884831893070877,0.5420814479638008
0.593703621377556,0.49496164213145355,0.7092987441379858,0.0,0.15594501978634068,0.527601809954751
0.5810572024527205,0.5993779805100561,0.7179327954852555,0.035984202746133426,0.0672289176599307,0.5426244343891402
0.4844886311332045,0.5231460363535836,0.6769980526190287,0.08404418524265847,0.057598025865519195,0.5580090497737555
0.4051187404997497,0.3294906351510125,0.3789295366028138,0.0,0.009482997482599625,0.5463348416289593
0.5733503523933334,0.5363052042297325,0.4770437564581511,0.0,0.14860832518276612,0.4875113122171946
0.6279325883565381,0.4860183841315917,0.5479443208012081,0.023079287799783778,0.11981689050137237,0.5211764705882354
0.6932864523342831,0.453687193309835,0.515901955329465,0.0,0.12502457011185028,0.49402714932126696
0.47272347619913646,0.3098209966134493,0.2674146530482473,0.0,0.08670111613433398,0.32407239819004524
0.6655126037590119,0.47848503697560285,0.3283234639535808,0.0,0.13360220337658463,0.4855203619909502
0.5349732701966622,0.5364710760937175,0.37217331690644617,0.0,0.009839104250688556,0.5643438914027148
0.3639406982305118,0.6157440044232498,0.285772692949686,0.0,0.02911398400515321,0.5876018099547511
0.6166557771625769,0.519372451447923,0.5369008822828074,0.0,0.2506625049436249,0.597285067873303
0.6409999932642243,0.578989563895224,0.6072748589142357,0.06335904922300752,0.2323195843329126,0.6144796380090498
0.720353044458365,0.4328979196903726,0.6025156982751768,0.03926544240400668,0.20920236536170758,0.6279638009049773
0.43317885954335933,0.5528232773515793,0.590294889118512,0.0006603281533833923,0.07172234707917616,0.5880542986425339
0.3320922666558894,0.4688091782431403,0.40094686431921145,0.0,0.09574552231913439,0.5713122171945701
0.43527817631117494,0.5277904485451657,0.7368402750178841,0.09304435439388703,0.40933806342522755,0.4230769230769231
0.41000217790081794,0.5329048310180384,0.7058858596296002,0.09668301795209343,0.4930327451505112,0.440633484162896
0.4466279584088302,0.41924113622226833,0.6766801128686114,0.10250843917542453,0.373495302668255,0.5139366515837105
0.41736101288104843,0.4031792107263805,0.7241574596613941,0.09589506740308737,0.36806501192390495,0.5707692307692307
0.2737037560930704,0.47811182528163676,0.6075381527700501,0.049135784310120396,0.1818354051167406,0.5121266968325793
0.2293166780052225,0.4442877876840139,0.377260352913123,0.05410177020437881,0.2808642048401344,0.6173755656108597
0.4450843431383775,0.4462091367751746,0.731653882839202,0.14361380568201038,0.3818041448298565,0.6533936651583709
0.48282152664111566,0.44423249706268586,0.6965563150782926,0.19607127885683187,0.4138565958021224,0.5768325791855202
0.49542865354088506,0.378187849885963,0.694395318337175,0.2250005515800931,0.41697551987988474,0.6367420814479638
0.47933576270311173,0.3991982859907388,0.764560647007392,0.1943797665713046,0.4236195149445485,0.6595475113122171
0.18532420411196657,0.5890386343216532,0.5100896192671489,0.025887492369808713,0.11864936615031937,0.621628959276018
0.28356549307000933,0.5829151980095377,0.7490809554089499,0.11749288461679892,0.3711922247140987,0.6054298642533935
0.31781466737616837,0.42508811942774183,0.765718146411255,0.25765997661300405,0.5050170392245555,0.5987330316742081
0.39414784578666007,0.11512889626097178,0.824651259836261,0.28899119678171403,0.5368634564878121,0.6538461538461537
0.41162999036784076,0.22248946022530913,0.7942283999682059,0.3140902973384422,0.5244753837081805,0.6868778280542986
0.365995671141467,0.372285576059161,0.7934832286781655,0.3629073418987593,0.41512950521123193,0.6793665158371041
0.2474830651371965,0.09516898196143475,0.7878547015340592,0.25287079052458944,0.383077054238966,0.5312217194570135
0.11430948195148896,0.14595341765153091,0.7837016135442333,0.06011634662763931,0.3866719872306465,0.5712217194570135
0.2773500560192015,0.12662934549727,0.8039653048247357,0.5488074838387033,0.5400640835881126,0.664705882352941
0.23157260155865847,0.153085907802889,0.8083121373499721,0.7728093077302112,0.6059344812805351,0.5675113122171944
0.20693818578616605,0.138724168912848,0.8324308481042842,0.7819625955152861,0.6455355810742646,0.6307692307692307
0.14522725384668925,0.29565277489805797,0.7973680550035768,0.24461473969096806,0.5826420152464945,0.5495927601809953
0.10147221604776116,0.3035455110926808,0.6823831571417216,0.06402182786288454,0.6254532149547318,0.5344796380090497
0.18300316805984965,0.1450687677102771,0.753641403703998,0.5022732454237239,0.7455874447320496,0.5461538461538462
0.2225545204913524,0.06337687469762932,0.7453103886813448,0.8806792524986579,0.8812464328934001,0.5344796380090497
0.36189807424172016,0.045379777455249126,0.7861557109927668,0.9691173983070167,0.7875567480776108,0.5302262443438914
0.3410194147508998,0.07923146036353579,0.8019930848104284,0.9863987703441125,0.810038104395149,0.5254298642533937
0.13921501269693723,0.06023913193724506,0.822887687783165,0.09378920815161833,0.5673647341336283,0.4668778280542986
0.3323605750556262,0.4264565623056187,0.8618104681662825,0.7296110257183411,0.6290457797428606,0.5215384615384615
0.3312626436123516,0.49505840071877816,0.8845530959383195,0.6335551911041162,0.710365153305657,0.4757466063348416
0.3229007393636488,0.410214942290414,0.8506676734758764,0.613939532112993,0.6416055472799999,0.48533936651583715
0.3626861600016166,0.43329877669500294,0.7984261982354344,0.8880321828598324,0.6605144685395999,0.5184615384615385
0.22531562722420925,0.6563687884442599,0.7539841824974167,0.3879858501320115,0.6478055041786952,0.5802714932126696
0.09186363197517641,0.68422143893842,0.7391055957396073,0.1382877483029719,0.5068689744020878,0.5737556561085972
0.25080604782849814,0.7348400027645312,0.79981718464351,0.5560839284269671,0.7164301226018979,0.6262443438914027
0.24808030391820077,0.7220678692376807,0.7866226850011923,0.43324924801247305,0.846973791091292,0.5480542986425339
0.4079309268651925,0.6965788928053078,0.8050433192909943,0.7811844998639436,0.6953566632959237,0.5407239819004523
0.38415700644164685,0.6926670813463265,0.7844269135998728,0.8910239532848433,0.7701457155645443,0.5352941176470587
0.10285192744222385,0.5412537148386203,0.8244972577696527,0.07031307686084738,0.3395222386154535,0.5059728506787331
0.2788072288345087,0.5640058055152395,0.8885819887131389,0.5486574540533783,0.539003128396892,0.4890497737556561
0.21015283475121413,0.5793489529338587,0.8599922502185836,0.6431262088797041,0.7614366470026832,0.48244343891402713
0.2028899845750736,0.47786301748565907,0.8339957078133694,0.5521272605590816,0.8771897002091125,0.556470588235294
0.2103970066212675,0.7510539774690719,0.858899332326524,0.31789105190000955,0.7761787141128355,0.48407239819004527
0.13533296062040986,0.7477503628447024,0.8576871870280581,0.100558199054224,0.3622794906467801,0.4610859728506787
0.08310151038544353,0.7363466721957288,0.7094477783959939,0.06995271120001766,0.24540864536388632,0.4360180995475113
0.2974961998998614,0.6528163660239132,0.8629828709959463,0.6683385672155502,0.7244524121337278,0.6523981900452489
0.24914343385355972,0.7431335959637846,0.8881050790875128,0.8464459856000823,0.8138011798390097,0.5606334841628959
0.22250961531984834,0.7036008017140094,0.872133574437644,0.780881498532797,0.8074472897094451,0.5235294117647058
0.11707956971864666,0.723823346464856,0.8696745091805101,0.2820368749678245,0.6365589055110465,0.5388235294117647
0.07184715177723441,0.7236574746008706,0.7633186948573245,0.09774219881888316,0.529744636611006,0.5244343891402714
0.23360287662528653,0.668104222821204,0.85257531197838,0.6789392011649371,0.6913117716293952,0.5644343891402714
0.2245224896325185,0.7450964130209414,0.92334671329783,0.7903466129305082,0.6988023994638388,0.616289592760181
0.19034965411791646,0.8490704264289171,0.9386724028296637,0.7675744449265662,0.718188513739133,0.5852488687782804
0.22140831598871083,0.7596793143962957,0.9487173118194102,0.7244526486876071,0.7293699868091063,0.5804524886877827
0.06649221007537334,0.6079894947819475,0.6926168428582783,0.11623336986019284,0.48796834185491916,0.4574660633484163
0.2756891259881944,0.65451655262976,0.8608963913838327,0.4838372323917248,0.7472132164703822,0.5469683257918552
0.3112607575951484,0.7027437970834198,0.8602158016055957,0.7012156825252072,0.7335190794319154,0.6254298642533935
0.30793665227455913,0.7606469002695417,0.7967520467371433,0.7342545946621756,0.9072836468440136,0.5838009049773756
0.2896956102949596,0.7518142235123368,0.7812922263731022,0.7649503945636267,0.8293993525331491,0.5869683257918552
0.17988506521353534,0.7587808417997095,0.8700023845481281,0.6828105579784222,0.732919923933302,0.5880542986425339
0.05866972919936325,0.7489944018245904,0.8685219775852476,0.25113368095136535,0.6269143965462121,0.5393665158371039
0.013333468048847857,0.690234294007879,0.7786245131547571,0.14235031954873392,0.44180968642616775,0.5020814479638009
0.16331281166995595,0.7034625751606882,0.8595352118273586,0.6839857912968016,0.7103627851021052,0.5271493212669682
0.12304297649438797,0.7346188402792178,0.881949964231778,0.8449074448603767,0.8256019381377868,0.5426244343891402
0.14802316208746177,0.7303614624369341,0.9345491216914393,0.7864399549910644,0.8641160325012256,0.5575565610859727
0.1505687239970991,0.7100974497200914,0.928751689054924,0.7993939973377068,0.863477801644007,0.5757466063348415
0.11170105280174589,0.7330292349160275,0.918806136237183,0.3894243710148338,0.6091552381110261,0.745339366515837
0.057501633425613485,0.7555463404520009,0.8444380414911373,0.17158847712413494,0.3518072945405804,0.7523076923076923
0.19750192530922825,0.7442394083903519,0.9280164533820839,0.6742412096519163,0.7055470431794554,0.6788235294117646
0.20087879420633478,0.7256755822793559,0.9635362848740162,0.764326741338354,0.7487312349471063,0.6398190045248868
0.2183794621707609,0.6945884304374872,0.8907032429854541,0.8690960705434168,0.7879924975311479,0.6361990950226244
0.19546098526436798,0.7116179418066209,0.9180559971385421,0.9536216748913388,0.8027428533537314,0.5944796380090498
0.15539602993378734,0.7309005459948856,0.9430092997376996,0.9179940135173894,0.7928615240337138,0.7215384615384615
0.10694952434197083,0.6775589190683531,0.8884130832207296,0.2808057482000103,0.5996990013285622,0.693574660633484
0.05285507080422916,0.6646209136775176,0.8137568555758683,0.2029005758496172,0.4205728210751171,0.6402714932126696
0.19991277170435331,0.7127375768885205,0.8582088069310866,0.8276054804998051,0.6519948562618855,0.5497737556561086
0.19116187640749646,0.7416131038772547,0.8433898338764804,1.0,0.8070920591766704,0.5505882352941176
0.1688748784753796,0.7275416407491877,0.8487898418249741,0.9876328388724231,0.8007997423394536,0.5501357466063348
0.11154612996005683,0.7358767019144377,0.8857950480883873,0.892288910298368,0.7993977658367692,0.5360180995475112
0.05092695500277289,0.7518280461676687,0.788952587234719,0.2433159524317328,0.533755189326033,0.5401809954751131
0.09049121767108309,0.7809523809523811,0.8198523567284,0.20434939289417753,0.458183445783532,0.5819004524886877
0.036218827391256536,0.7166632110028337,0.8105575868372943,0.1481470586072235,0.24618067972178348,0.5926696832579186
0.20872765687060355,0.4817471836339762,0.8409407042365472,0.555494105447405,0.66715372719716,0.6295022624434388
0.15774232514487532,0.4232911742345704,0.8358685716556712,0.6799732299794812,0.7844378239998485,0.6136651583710406
0.10156314902005689,0.6094408735918171,0.8557547094825529,0.5639796135997588,0.7596368123032912,0.6344796380090498
0.09298457731884693,0.8135600248807797,0.9020695890628726,0.42474903105763645,0.7763954047378281,0.6395475113122171
0.08181441590720798,0.8072845393600112,0.8891930291709721,0.39775249498062115,0.7302403016144045,0.6559276018099547
0.06271736909581191,0.6560923353376185,0.8299767506557507,0.19973671243555705,0.5854767548980371,0.6284162895927601
0.015364865744763506,0.6293454972700256,0.811471663619744,0.10839696116140704,0.32458124240694736,0.6470588235294117
0.10892871977601301,0.6779183081069873,0.8839967013750895,0.4543254910901429,0.7111064010173803,0.7031674208144796
0.12125575066852576,0.6890870136153155,0.8876629441220888,0.5239731417266663,0.8444930978707483,0.6289592760180995
0.07635226310838086,0.7260764392839862,0.9339629202766074,0.38471608334007484,0.8454534044110159,0.6307692307692307
0.11106508331031947,0.8145137880986939,0.8866346077418329,0.2749192854463754,0.7813224522274138,0.6334841628959276
0.0,0.5872278664731494,0.7682566966059932,0.09580549079596684,0.35072265731384145,0.5832579185520361
0.17658228984941052,0.6442186744073537,0.8167276051188299,0.5547174806763108,0.6516609395610772,0.5607239819004524
0.17583293479993625,0.7524638883129449,0.857205309593832,0.5538599574915608,0.7662594935359885,0.5619909502262443
0.16826978128936218,0.6791208791208792,0.8579604165010729,0.626080177682334,0.6794849630915477,0.6202714932126696
0.08013271723438029,0.3637984656852582,0.8394851363166679,0.22686856949541453,0.7164395954161052,0.6528506787330317
0.01476931090769068,0.44594650632386457,0.8768529926079008,0.10177917674832503,0.48883036794778595,0.6486877828054298
0.13345760839547086,0.4731218467067524,0.9721852396470868,0.29315231700411115,0.7761597684844208,0.5907692307692307
0.11749831044292217,0.4815813117699912,0.9999999999999999,0.2829032234340641,0.8754040747310314,0.5906787330316741
0.09238453196462373,0.41485935448199585,0.9017963595898576,0.25551984585174997,0.8536189702577317,0.6097737556561085
0.13009140447659653,0.40064966480060815,0.9256219696367537,0.23931662903664697,0.8389290036257196,0.6235294117647059
0.04254652737082465,0.14132282811528096,0.8711946586121929,0.09390746692358042,0.27399049403094294,0.6924886877828054
0.19530213322017229,0.06359803718294277,0.9054725379540577,0.4940363160333302,0.7943380989482809,0.7323076923076923
0.21398100062193662,0.024479922593130032,0.9142605913679357,0.6194112066366116,0.8950116160384218,0.7715837104072398
0.2447719154076379,0.05382541986315559,0.8746969636753835,0.7585270605193678,0.9677059922654472,0.8247058823529412
0.07998621411234824,0.060695279563204085,0.9437097607503379,0.06547623425238834,0.6837051018209118,0.8198190045248868
0.07070768305031849,0.043914575990047666,0.8183173038709164,0.037337265486530415,0.4447936229014757,0.8122171945701357
0.28313047422106363,0.011693966410947443,0.8661672363087195,0.6064159796430173,0.7766191999734762,0.8333936651583711
0.2817002445086588,0.026995645863570283,0.8803453620538907,0.6998124627683437,0.9226082920279165,0.8091402714932125
0.2719159689525644,0.030423664385928584,0.9173803751689055,0.7476145999573445,0.9555476352303435,0.8212669683257918
0.19167267273335534,0.018937037804962253,0.8992727128209205,0.30079648165444606,0.7426437677171229,0.8115837104072399
0.16489010581903665,0.05187642546133109,0.9128397981082584,0.7413971891478455,0.9345535107433556,0.7961990950226243
0.17134410159346006,0.3218052387863708,0.8281933073682537,0.5043339486515706,0.8924444833882362,0.8057013574660632
0.060621420215859145,0.4423387932821894,0.7615054447182259,0.19338103888271935,0.7483890295338665,0.7930316742081447
0.015554590094368242,0.5006703987836063,0.625476909625626,0.09529744875820935,0.4634799330272036,0.8012669683257918
0.18869545986263506,0.2652567558227936,0.8565098163897941,0.32848433144815514,0.8386507397083794,0.8146606334841628
0.09310806654048315,0.19653051351164552,0.9326961290835386,0.3703441124340862,0.9222755594288841,0.8355656108597285
0.19532177923270536,0.2829082866818715,0.9639734520308402,0.25598758577070446,0.755854791231016,0.7974660633484163
0.20282318813246128,0.24171677379224543,0.9383196884190445,0.20841049325969127,0.6560089612822402,0.7475113122171946
0.3118389116782634,0.14024466099937793,0.9136147762499006,0.20852522191905745,0.6604386860259414,0.7718552036199096
0.18951105004007787,0.13971940009675854,0.8608318098720292,0.015129621321880077,0.4428718257191642,0.8237104072398189
0.05285563211887295,0.15898818162969097,0.7892258167077338,0.0,0.420729122509538,0.6124886877828053
0.2656326128298566,0.12137673647107605,0.8358586360384707,0.2637508917211505,0.7046779124759331,0.6084162895927601
0.23717732827701102,0.14240099523118377,0.9044143947222002,0.5422458870511058,0.8366152687555801,0.8263348416289593
0.18764187227622073,0.23220678692376806,0.9362431444241316,0.4008589940649982,0.886889861957415,0.7348416289592761
0.07520493597645175,0.46955560163107335,0.8457892854304109,0.12375633397806918,0.5180303177418706,0.7266968325791854
0.018311767624718506,0.5574815121984933,0.722021301963278,0.10643980790303957,0.37182335096066177,0.776289592760181
0.21848049880664508,0.5458151910982101,0.8078650345759478,0.253106131364315,0.628321109456,0.8357466063348415
0.21660795315492506,0.4716289999308867,0.8183868531913202,0.40801041383215786,0.7153052259147779,0.8161990950226243
0.20207888491478124,0.4768263183357522,0.8679059693188141,0.4087693880402727,0.6980765450752023,0.7736651583710408
0.1989585368098917,0.5257861635220127,0.8085058818853826,0.13750288660248727,0.3555372151347153,0.8186425339366514
0.1439699090445751,0.42515723270440264,0.6727456084571973,0.13999779367962756,0.308433646488783,0.8516742081447963
0.3648758484270842,0.40639988941875727,0.832555043319291,0.3847381465437991,0.5894209979136127,0.9009049773755655
0.25482113147560637,0.8557053009883198,0.8499423734202368,0.29294786464959954,0.640928241064176,0.6836199095022624
0.29187351111290727,0.7943327113138434,0.7978449646292027,0.23952108139115855,0.5233137798660071,0.7104977375565611
0.2605353145495001,0.9490773377565829,0.5846762975916063,0.1254460812072985,0.07976168767657918,0.6383710407239818
0.21340060128024643,0.9426774483378255,0.5429765122009379,0.08833591963110322,0.08637951409199524,0.7061538461538461
0.3773667831955867,0.8982652567558229,0.8068118591526905,0.21759172776948363,0.6160715765841506,0.6863348416289592
0.35517745401149126,0.8096205681111341,0.8865352515698274,0.2422348554492436,0.6608199667977862,0.7128506787330315
0.3673052182054546,0.6708825765429538,0.8508961926714887,0.2513969685158083,0.6705165762407611,0.5821719457013574
0.4393196417465418,0.5223581449996544,0.8284963436928702,0.2524515896538283,0.7047169878345384,0.6402714932126696
0.41005269621876006,0.7321307623194417,0.8329773070503139,0.16983077522743487,0.6334364291279564,0.7760180995475112
0.204676649086292,0.8975741239892183,0.7654945950242429,0.12362542563597186,0.4699546015379114,0.7527601809954751
0.15581140277020003,0.9276107540258482,0.640092202527621,0.058021666066057236,0.23951773902870502,0.7858823529411765
0.4007152271191312,0.8350818992328428,0.8144523487799061,0.12754929287432062,0.5167005714475171,0.7935746606334841
0.4016812496211126,0.852816366023913,0.8627841586519355,0.17370507380141645,0.696605890669515,0.7476923076923077
0.3678002977212871,0.8339760868062756,0.8390728082028455,0.20199010097592904,0.7010794271789249,0.7695927601809953
0.2755027695264525,0.8615661068491256,0.69632282807408,0.11808006001191414,0.4430494409855516,0.8152036199095023
0.25113048769261515,0.8130071186674959,0.5082316588506478,0.09126150044494127,0.26673431834813066,0.7613574660633484
0.4562376651107025,0.8613587670191445,0.6851353231062713,0.17001316437822214,0.5734403603458526,0.7523076923076923
0.4819121969181581,0.7724929158891423,0.7900753119783801,0.19072757091481396,0.6668221786999037,0.7596380090497736
0.5287651302362236,0.7440320685603703,0.8432855098958746,0.2015282445779677,0.6237220581583428,0.7810859728506787
0.555444415256083,0.7536526366715044,0.8451534059295763,0.16617710869069593,0.6675610582080752,0.5986425339366515
0.5120772458760213,0.8461400234985141,0.8119436054367697,0.13308686283306245,0.6273560665086286,0.6625339366515837
0.3186117341703657,0.8802266915474461,0.7015738017645656,0.1280158560890765,0.19459054944690607,0.6828054298642534
0.5991652128617392,0.7795424701085076,0.7424290596931881,0.22836739646841653,0.5131151112700439,0.6978280542986426
0.6411290956322985,0.8488630865989355,0.7514406644940783,0.2656247931574651,0.4899221097851803,0.6142986425339365
0.6353251022153966,0.7987836063307763,0.7654945950242429,0.24373662418274214,0.3370829889570669,0.7114932126696831
0.4878845847282003,0.8398368926670814,0.6381299181305142,0.09345620086340671,0.1448997184205977,0.6843438914027149
0.42792495447738244,0.8548759416683944,0.4290199507193386,0.09602435777691158,0.07518039790556078,0.6488687782805429
0.725068087466293,0.6511852926947268,0.632223193704793,0.23576151147654315,0.4151685805698372,0.7761990950226243
0.7404481087064392,0.7438109060750568,0.7939651061123917,0.25489030910548416,0.6551954833621859,0.7942986425339367
0.7642871416286656,0.7652083765291311,0.7940346554327955,0.3204856846579836,0.6779503671899608,0.7768325791855204
0.7923528738187133,0.8558158822309767,0.7067154836658452,0.30877012348039684,0.5813134530539169,0.7786425339366516
0.7732008181722249,0.7786578201672543,0.49561839281456166,0.08962088061600465,0.04880228105366113,0.7669683257918551
0.7331734709227788,0.8253922178450479,0.3969279071615929,0.09516374574364028,0.019282268549546372,0.7792760180995475
0.779156366542953,0.7550901928260421,0.46847925443128524,0.09217977098394534,0.03634730652369033,0.809683257918552
0.8017548941023793,0.7915958255580897,0.7788281933073682,0.34420804130231736,0.7385834827275075,0.7167420814479637
0.7730773289505886,0.816891284815813,0.823071496701375,0.3316702580659395,0.664594883259406,0.693574660633484
0.7152899863712805,0.858386896122745,0.5749095858834751,0.1470037433902319,0.22448556698345337,0.7077828054298643
0.7923809395509034,0.9326007326007326,0.6530830220173277,0.3021188029976539,0.42202216164883805,0.7438009049773755
0.7614300500917188,0.8169603980924733,0.7886296796757014,0.3500842078942143,0.6520256429080593,0.7717647058823529
0.7461117734623908,0.782804616766881,0.7958429377632938,0.29485853809212126,0.4554742209202366,0.9266968325791856
0.7799029150192082,0.8404589121570252,0.795882680232096,0.2780404933332353,0.44594693803121765,0.897918552036199
0.6602362461072829,0.7737646001796945,0.6487361894920912,0.0821398365852044,0.0627334752676662,0.962262443438914
0.5702968007310562,0.8226000414679662,0.4746443049042206,0.09344311002919697,0.023183647080833893,0.9609049773755656
0.6830480732313537,0.8374317506392976,0.5522017327716398,0.1895611628779243,0.28756148448471447,1.0
0.7208470013449099,0.8266362568249359,0.6222577696526508,0.12619446507762572,0.3229992824343238,0.8669683257918552
0.5695109602297349,0.8642891699495474,0.4542365471743105,0.08869613820390813,0.06973814773327397,0.6982805429864254
0.5436006762718829,0.9487455940286129,0.4622993005325491,0.08932582203819876,0.1145121145452694,0.7971945701357466
0.5179093050251132,0.6885617527126959,0.4170922422700898,0.07671199429298464,0.07947099069059184,0.8154751131221718
0.4136619493784002,0.7392908977814636,0.4082892854304109,0.06484213777735286,0.02681327425454873,0.9123981900452489
0.4963548227031567,0.8824521390559126,0.6043835943088784,0.1606274775139182,0.2610080021598017,0.8870588235294117
0.525442147544922,0.924168912848158,0.5531058739368889,0.16225132930802438,0.29301664136635874,0.8555656108597285
0.7111250317142774,0.9319234224894604,0.0,0.0730127304685489,0.0,0.029230769230769227
0.9194850274931913,0.8702329117423455,0.11421637787139335,0.09057504063306686,0.0,0.27303167420814484
0.8984581809364075,0.8910636533278045,0.5332644463874096,0.07661432784449854,0.19689481150283833,0.3184615384615385
0.7990886495443248,0.851572327044025,0.8327438200461013,0.5516256903944166,0.12862660771418624,0.21656108597285068
0.6568739713909152,0.911617941806621,0.5134677291153327,0.021384980841784768,0.0,0.19384615384615383
0.6911759092735915,0.8812495680420207,0.7651716874652253,0.3619012598089327,0.2348594826422521,0.15954751131221717
0.7587918712658543,0.8664731494920173,0.49273209601780465,0.09203812521603554,0.14200577368025938,0.1961990950226245
0.6803425366482331,0.4643029926048794,0.553051228042286,0.133357357710722,0.02109382585652002,0.4435294117647059
0.708537371206355,0.7793489529338584,0.779836658453223,0.2622785405926177,0.43497860328090926,0.4774660633484163
0.5373139522613122,0.7843527541640747,0.6971027740243224,0.0,0.08229850732130128,0.4530316742081448
0.8285520551974368,0.7385997650148595,0.6105685160162149,0.2693652416288528,0.2600015156502732,0.4484162895927602
0.8846442275524661,0.7684705231875044,0.5297919481758206,0.18296132320387135,0.2532142442707236,0.35692307692307695
0.862169189214676,0.6870689059368302,0.6165696288053414,0.20451707324248194,0.2701362427503369,0.3082352941176471
0.8143620210021487,0.34770889487870615,0.6668289484142754,0.10230266302868951,0.25249431039096676,0.3050678733031675
0.7322922069320114,0.3287027437970833,0.6697053095938319,0.08271406823413471,0.3299120686021205,0.36533936651583715
0.4375683400578828,0.4660446471767228,0.48740163738971465,0.06049598081972156,0.05519323356881171,0.361447963800905
0.5558597880924957,0.38796046720575017,0.694981519752007,0.07993175115647959,0.3632575587136866,0.36642533936651583
0.5394357216148798,0.37698527887207134,0.7353002543518004,0.09012774594956352,0.5308588763821428,0.5366515837104071
0.4908932312189733,0.5105259520353858,0.7146192671488752,0.0885672890941584,0.06358212101046509,0.6044343891402715
0.4727739945170786,0.5289791969037252,0.531525713377315,0.0,0.07701800545160459,0.4714932126696833
0.32882653805825546,0.5652221991844633,0.44392337652014946,0.0031182219999558738,0.05804514269610502,0.5324886877828054
0.23147493281063716,0.6379431888865852,0.5046945791272553,0.0001458951409470998,0.020918578793684476,0.545339366515837
0.4522074259682116,0.5529062132835716,0.46238872108735396,0.000372751943400528,0.03247742509964217,0.563891402714932
0.6177054355464847,0.5730734674130902,0.5777362689770288,0.0730737719988527,0.1735680065172962,0.5412669683257918
0.6438739242404852,0.5183357522980165,0.7057467609887926,0.029683393026556742,0.1559758064325145,0.5869683257918552
0.49531077746568686,0.48854793005736386,0.6722736666401716,0.0674188257962978,0.2317891067373023,0.49330316742081454
0.4541439614893249,0.4731356693620843,0.6933421429139178,0.14341200091194575,0.28901911377086686,0.661447963800905
0.1958449244807278,0.4152325661759624,0.7358814879580319,0.05599949990071559,0.26960339695117475,0.632579185520362
0.2565297732513364,0.16035662450756782,0.8282082107940545,0.7946695299802167,0.6607927324569403,0.599366515837104
0.23816860993796354,0.22260004146796586,0.793180192353549,0.7930103770601516,0.7450309168973692,0.6046153846153846
0.3081168342752193,0.04843458428364089,0.7815704236547174,0.9281445581108014,0.8466753974437612,0.5406334841628959
0.21449684877958972,0.08735918169880419,0.8042136952547492,0.3484574143396116,0.8225007755866633,0.4983710407239819
0.4016094013467061,0.15449581864676198,0.8478558938081232,0.7377847072580586,0.628377946341244,0.520995475113122
0.2924875893332255,0.781560577786993,0.817408194897067,0.7619056724496776,0.8557278555206379,0.508868778280543
0.24655184414313078,0.47747598313636064,0.8247357125824656,0.3294521706515264,0.5954397872405929,0.52
0.16389770152879654,0.5826110995922316,0.8651041252682615,0.44220396696402964,0.9083398656281306,0.4990045248868778
0.24769580338719713,0.6779044854516554,0.8271798744137986,0.45381215388349155,0.62131359514613,0.5087782805429863
0.2554492425620196,0.7101803856520836,0.8889943168269613,0.8092474241209652,0.7287720154122688,0.6387330316742081
0.18480330412251925,0.716096482134218,0.9474356172005404,0.6207158774168401,0.7521911803363323,0.5051583710407239
0.11034154873446003,0.612868892114175,0.8483973849455527,0.21239069521154935,0.5923421769947971,0.4647963800904978
0.1780383400354302,0.6805584352754164,0.9301575788888005,0.6775521610908048,0.8333187294114305,0.7047058823529411
0.0864980252950831,0.7492155643099039,0.9275892218424607,0.48632743265207057,0.841203663137254,0.6476923076923076
0.05694649324289433,0.6082797705439213,0.8168170256736348,0.10369867547233641,0.5141298864920039,0.7196380090497736
0.18262371936064017,0.6692376805584355,0.8349346236388203,0.5366344789039,0.7148777651736723,0.5570135746606335
0.2000182988573879,0.5503628447024671,0.8837632143708766,0.6952218455134475,0.6356696450773337,0.6429864253393665
0.1416342788117194,0.3986592024327873,0.922700898179795,0.3672096666249917,0.9399838014877056,0.5968325791855202
0.14272322922069322,0.22443845462713385,0.812261545187187,0.08203216815102998,0.5468454344587826,0.6944796380090497
0.22048495339965826,0.015564309903932427,0.8920594547333279,0.655205077478617,0.9918356182550603,0.7884162895927602
0.2158052732142897,0.10346257516068835,0.9271172800254351,0.5703249909908585,1.0,0.7730316742081447
0.22879858458899419,0.018909392494298016,0.8862272474366107,0.7667919366344789,0.9158068114270558,0.8346606334841629
0.2777289434037671,0.0,0.9024074000476908,0.7836805836452825,0.9262008568160451,0.8325791855203619
0.0349676570502242,0.023387932821895108,0.8834800492806613,0.09382568598177579,0.49346375819694455,0.7925791855203619
0.2103638890572833,0.025184878015066747,0.8757402034814402,0.6325491090142896,0.8521246338165259,0.8099547511312217
0.10879007505899416,0.1471836339760868,0.9204355774580716,0.6871378876688754,0.8835625359670916,0.7827149321266968
0.1243940608420169,0.2756790379431888,0.9247476353231062,0.5658240974311076,0.8837851471009638,0.8203619909502262
0.294028959345103,0.1498375837998478,0.8694062475160956,0.43728534341376596,0.7628421758106954,0.8212669683257918
0.18152915580522835,0.3640749187918999,0.9338238216358,0.2970766255065344,0.8748629402194379,0.8105882352941176
0.2598477041108439,0.5257723408666803,0.885333041888562,0.38413361476175417,0.6759279213566964,0.8425339366515836
0.2943281400502489,0.5656921694657544,0.9053284715046498,0.25963536878645027,0.661779089236278,0.82289592760181
0.27644633944268193,0.563300850093303,0.8847716795167316,0.4535606333610349,0.7198261264952246,0.870497737556561
0.2383734897829509,0.7791969037252058,0.8998936888959542,0.371888536694785,0.70444109212075,0.8207239819004524
0.3212010786222196,0.8286128965374246,0.8603101899690008,0.15892125642590807,0.6291985288719536,0.8076018099547511
0.42621855796022756,0.8254198631557121,0.8324109768698831,0.13454891779985734,0.6642692552710291,0.8295022624434389
0.3102981029810298,0.8999239753956736,0.5404081551545982,0.0967278797996661,0.08217524232642845,0.7023529411764706
0.5887752788049836,0.7655954108784295,0.8101154518718703,0.2820765887345282,0.5230331477451151,0.6736651583710407
0.6331247488116969,0.8061372589674478,0.7249672124632381,0.23617924146705596,0.33063673888898104,0.71131221719457
0.7435353392473444,0.7167599695901583,0.7760561561084174,0.3067388378575158,0.6313441212899131,0.7435294117647058
0.8171910468069056,0.7574123989218327,0.7544163818456402,0.23482014811764101,0.5057192115776735,0.7747511312217195
0.793924554821356,0.8831709171331814,0.7524590652571337,0.24850963058842562,0.6344713340801069,0.6865158371040723
0.6247667737655007,0.8898749049692445,0.4429844606946983,0.12691416678311138,0.081523039068254,0.6402714932126696
0.756872175184055,0.8311700877738615,0.7396073444082346,0.23969905790120097,0.3738753993383239,0.9260633484162895
0.4598020130988385,0.8008431819752573,0.31326653286702166,0.08536783037808976,0.03842860221521761,0.5876923076923077
0.5777061540292288,0.8889626097173269,0.46566250695493205,0.08432571172218015,0.0632879901293276,0.6897737556561085
