att0,att1,att2,att3,att4,att5,att6,att7,att8
46.4,29.1,26.2,0.0,29.79,26.53,8.4,4.72,14.9
87.8,57.9,51.5,0.05,29.72,26.69,8.6,8.98,25.3
86.7,57.2,51.1,0.0,29.95,26.82,8.7,9.44,12.7
75.2,42.1,41.3,0.0,29.79,26.66,8.7,3.8,33.2
42.8,30.6,34.9,0.0,30.16,26.89,6.5,2.07,9.21
84.6,61.9,50.3,0.05,29.68,26.64,8.7,9.44,23.0
57.2,43.5,39.3,0.1,29.89,26.7,8.7,7.25,13.8
77.7,55.2,53.8,0.2,29.6,26.53,7.7,5.87,13.8
50.4,37.4,36.6,0.1,29.53,26.33,8.4,8.4,19.4
79.5,41.4,37.5,0.0,29.93,26.79,8.0,2.42,6.9
75.2,42.4,41.6,0.0,29.94,26.79,8.5,3.57,19.4
53.6,25.9,31.6,0.0,29.98,26.72,4.4,4.14,13.8
87.1,47.8,47.6,0.05,29.82,26.75,8.6,5.87,18.3
69.1,46.4,45.1,0.0,29.93,26.81,8.7,3.68,13.8
69.1,31.3,39.8,0.05,29.68,26.58,8.2,8.17,23.0
37.8,28.4,26.8,0.3,29.96,26.66,8.0,9.55,16.1
84.2,60.4,44.2,0.0,29.71,26.68,8.7,13.3,24.1
33.8,12.2,13.8,0.0,30.45,27.02,7.0,2.3,11.3
76.3,51.1,41.6,0.0,29.89,26.8,8.7,7.37,13.8
73.0,39.6,43.9,0.05,29.87,26.7,8.5,5.06,18.3
68.0,35.6,37.6,0.05,29.73,26.57,8.5,5.75,17.2
90.3,58.1,45.0,0.0,29.68,26.66,7.7,5.52,12.7
44.1,36.9,36.5,0.0,30.23,26.94,1.9,1.84,5.87
43.7,17.6,16.0,0.0,29.94,26.6,7.0,4.83,14.9
48.6,42.8,43.2,1.0,29.68,26.5,5.0,4.6,14.9
50.0,36.3,41.2,0.0,29.82,26.63,7.7,11.7,17.2
88.5,61.5,56.9,0.0,29.56,26.57,8.8,6.56,13.8
74.8,41.0,45.3,0.05,29.87,26.74,8.6,7.48,23.0
44.2,33.8,34.3,0.1,29.81,26.58,8.2,3.34,8.06
36.3,12.2,13.8,0.0,30.52,27.08,6.8,1.5,6.9
82.4,60.4,50.3,0.0,29.81,26.75,8.8,8.17,16.1
56.1,20.8,20.2,0.0,29.85,26.6,8.3,4.6,16.1
61.7,19.4,18.3,0.0,30.44,27.12,6.3,1.73,10.2
87.1,57.2,52.6,0.0,29.75,26.71,9.0,5.64,12.7
75.9,47.1,41.1,0.0,30.07,26.9,8.5,1.38,4.72
80.2,45.7,45.3,0.0,29.91,26.81,8.4,1.5,5.87
75.2,42.4,46.6,0.0,30.05,26.89,8.3,2.3,11.3
75.9,55.4,51.5,0.5,29.69,26.62,8.5,3.45,14.9
60.8,42.1,39.7,0.3,29.85,26.69,8.8,9.67,14.9
66.2,37.4,36.4,0.0,29.82,26.64,8.7,5.52,13.8
89.6,55.0,48.7,0.0,29.83,26.79,8.6,2.88,9.21
43.5,23.0,25.4,0.0,30.18,26.85,5.7,0.69,13.31
73.4,44.6,41.5,0.0,30.11,26.95,8.5,6.79,13.8
56.3,28.2,29.7,0.0,30.11,26.84,6.2,3.68,10.2
66.6,27.1,27.1,0.0,30.05,26.9,8.0,3.8,21.8
81.1,39.2,35.8,0.0,30.04,26.88,7.7,1.27,6.9
79.5,53.6,51.1,0.0,29.85,26.75,8.4,5.64,20.8
73.4,40.6,40.3,0.05,29.83,26.7,8.7,4.14,13.8
72.0,45.7,41.6,0.0,29.79,26.65,9.5,7.25,16.1
74.5,51.8,43.1,0.0,29.98,26.87,8.4,8.75,12.7
89.2,44.6,28.0,0.0,29.99,26.85,8.4,2.07,6.9
41.0,32.0,29.0,0.0,29.98,26.7,8.3,10.2,17.2
79.5,53.4,49.1,0.0,29.86,26.76,9.0,5.41,14.9
50.0,23.0,29.7,0.0,29.97,26.69,5.6,3.8,11.3
54.3,39.2,35.7,0.0,29.65,26.49,8.1,11.8,25.3
77.0,58.3,49.3,0.0,29.78,26.72,8.7,14.6,20.8
34.2,11.5,8.8,0.0,30.15,26.76,8.4,5.52,14.9
36.0,26.6,29.0,0.0,29.92,26.65,4.8,3.91,9.21
77.4,50.5,46.5,0.0,29.82,26.72,8.7,4.14,17.2
70.9,37.4,33.3,0.0,30.04,26.84,8.2,4.14,10.2
43.2,33.8,34.0,0.1,29.84,26.61,7.3,4.03,8.06
46.4,40.6,37.7,1.1,29.89,26.69,7.9,9.55,17.2
80.2,53.6,48.0,0.0,29.87,26.79,8.5,8.98,13.8
82.4,57.2,49.3,0.05,29.89,26.76,8.4,7.02,16.1
49.5,37.4,39.3,0.0,29.89,26.69,3.8,2.3,10.2
66.9,42.8,44.2,0.2,29.9,26.73,7.5,4.6,13.8
78.8,42.8,43.6,0.0,29.98,26.75,7.0,4.37,48.3
76.3,35.6,34.1,0.0,30.17,26.99,8.5,1.5,6.9
42.3,25.9,32.1,0.1,30.09,26.77,4.1,4.26,12.7
78.8,55.4,46.4,0.0,29.77,26.69,8.6,15.3,23.0
88.9,51.8,46.6,0.0,29.77,26.73,8.6,4.83,11.3
79.9,46.0,47.4,0.0,29.93,26.81,8.2,2.42,9.21
63.7,29.8,30.4,0.0,30.05,26.81,8.6,3.22,11.3
65.5,31.3,34.7,0.0,30.24,27.02,8.6,2.3,8.06
51.4,39.6,40.6,0.3,29.98,26.76,7.5,2.88,8.06
81.0,55.4,43.0,0.0,29.98,26.78,6.8,8.86,14.9
79.5,59.0,47.8,0.0,29.9,26.77,8.7,11.6,17.2
72.3,39.6,38.4,0.0,29.85,26.72,8.3,4.03,12.7
86.0,62.6,49.8,0.0,29.83,26.79,8.1,11.0,17.2
84.6,56.1,47.7,0.0,29.89,26.81,9.2,7.25,13.8
44.2,24.4,21.0,0.0,30.12,26.78,8.0,4.37,14.9
56.3,46.4,44.2,0.2,29.86,26.67,8.5,8.63,16.1
80.2,58.3,51.9,0.0,30.06,26.9,8.6,4.6,16.1
80.6,49.3,41.3,0.0,29.85,26.77,8.9,8.52,18.3
41.9,29.1,30.0,0.1,30.03,26.72,6.2,4.83,12.7
98.6,56.8,50.8,0.0,29.67,26.58,8.8,4.49,10.2
59.0,16.5,23.0,0.0,29.85,26.57,6.1,3.68,11.3
80.6,59.0,50.2,0.0,29.69,26.66,8.4,7.37,14.9
49.3,30.0,32.9,0.1,30.18,26.87,3.8,0.58,4.72
88.5,53.8,48.9,0.0,29.77,26.71,8.6,4.03,9.21
30.9,23.2,27.2,0.0,30.48,27.15,0.7,0.0,13.31
59.4,22.3,28.8,0.0,30.23,26.96,6.1,2.3,10.2
74.8,48.9,47.4,0.0,29.86,26.76,8.4,5.75,13.8
65.5,37.6,37.8,0.05,29.78,26.62,8.6,7.02,18.3
73.4,31.6,41.8,0.0,29.9,26.74,8.8,7.25,16.1
52.2,24.8,30.7,0.0,30.27,26.99,3.7,0.58,4.72
60.4,40.6,41.7,0.0,29.88,26.69,7.2,4.72,12.7
81.3,51.8,46.6,0.0,29.78,26.71,8.4,3.57,12.7
80.6,51.4,51.2,0.1,29.82,26.73,8.6,4.26,13.8
71.6,48.2,45.9,0.6,29.91,26.78,7.2,4.37,12.7
79.5,49.3,49.4,0.0,29.8,26.71,7.5,7.14,13.31
70.2,44.2,45.9,0.0,29.87,26.7,8.4,5.18,12.7
36.7,26.6,25.2,0.2,30.0,26.75,7.2,6.33,13.8
82.4,55.4,54.6,0.0,29.73,26.68,8.7,5.75,18.3
90.7,59.7,51.2,0.0,29.58,26.58,11.5,9.32,14.9
70.9,40.3,40.9,0.0,29.91,26.75,8.7,3.57,13.8
66.9,42.4,37.8,0.0,29.93,26.75,8.7,3.8,11.3
81.0,41.7,41.6,0.0,29.99,26.83,8.0,4.83,11.3
33.8,26.6,25.2,0.0,30.19,26.85,8.2,6.56,11.3
49.6,28.4,36.4,0.2,30.04,26.8,8.3,5.87,12.7
52.9,41.2,42.2,0.3,29.78,26.58,7.5,5.18,9.21
41.0,20.8,23.3,0.0,30.19,26.83,4.2,0.46,4.72
32.7,13.8,13.9,0.0,30.23,26.9,8.4,1.5,6.9
39.2,26.6,21.2,0.0,30.29,26.94,8.4,4.26,11.3
39.7,23.4,28.2,0.0,30.22,26.95,4.5,1.15,5.87
61.5,25.5,27.7,0.0,29.84,26.62,8.3,7.14,13.8
43.2,33.4,36.5,0.1,29.96,26.68,4.5,4.37,10.2
34.5,18.3,20.3,0.0,30.17,26.87,8.4,3.68,9.21
63.0,35.6,32.8,0.0,30.19,26.95,8.5,4.6,11.3
85.3,60.8,54.0,0.05,29.68,26.67,8.8,11.6,17.2
35.6,6.8,13.0,0.0,30.35,26.93,5.5,1.84,6.9
75.7,48.2,42.9,0.0,30.03,26.91,7.8,8.63,14.9
50.4,37.4,35.9,0.2,29.69,26.52,8.2,10.5,19.4
50.7,42.8,39.3,0.1,29.9,26.72,8.3,5.06,9.21
82.4,47.8,50.2,0.0,29.97,26.87,8.4,2.88,10.2
81.0,56.8,52.3,0.0,29.73,26.67,8.5,6.79,16.1
59.4,38.8,36.5,0.0,30.23,27.0,8.7,8.06,16.1
66.2,48.9,47.4,0.0,30.03,26.85,8.8,2.99,6.9
80.6,51.8,42.4,0.0,29.99,26.89,8.5,9.78,16.1
79.2,51.8,45.1,0.0,29.77,26.71,8.3,6.79,11.3
86.7,48.6,45.9,0.0,29.84,26.76,8.2,4.49,12.7
50.5,26.6,27.8,0.0,30.2,26.9,8.7,4.72,10.2
49.3,33.8,37.6,0.3,29.7,26.49,7.4,5.52,10.2
51.8,40.3,34.4,0.05,30.23,26.98,8.5,13.5,19.4
46.4,19.2,17.7,0.0,30.23,26.91,7.8,5.18,12.7
78.8,38.7,40.4,0.0,29.85,26.69,8.7,6.9,14.9
70.9,37.4,35.1,0.0,29.96,26.8,8.4,3.22,11.3
67.6,42.8,40.0,0.0,30.07,26.91,8.7,9.32,17.2
57.9,27.7,32.9,0.0,30.12,26.9,7.9,4.72,13.8
84.6,50.0,46.4,0.0,29.86,26.77,8.4,1.15,9.21
45.7,30.2,29.0,0.3,29.88,26.64,7.2,10.2,21.8
55.4,24.4,28.1,0.0,30.01,26.78,8.5,1.84,9.21
81.0,55.4,54.4,0.2,29.76,26.7,8.8,3.45,8.06
36.0,29.7,29.3,0.0,30.48,27.12,4.8,2.65,5.87
32.7,8.6,14.3,0.05,30.05,26.71,8.3,6.56,11.3
43.5,30.6,30.7,0.8,30.04,26.75,5.6,3.34,9.21
48.2,18.9,24.9,0.0,30.03,26.77,6.3,3.34,11.3
57.4,30.0,48.7,0.3,29.82,26.67,7.0,7.25,11.3
27.5,20.5,12.7,0.0,30.39,27.01,8.9,4.6,13.8
41.0,28.4,24.8,0.0,30.07,26.82,8.9,3.91,9.21
77.7,52.5,52.3,0.5,30.02,26.92,8.7,6.67,12.7
92.5,54.7,32.5,0.0,29.89,26.77,8.6,4.03,12.7
88.9,61.9,52.1,0.0,29.73,26.71,8.8,6.56,11.3
59.7,27.3,34.8,0.0,29.83,26.6,7.2,1.84,6.9
47.3,33.1,36.0,0.0,30.21,26.95,4.8,4.37,11.3
45.7,31.5,32.7,0.0,30.13,26.84,5.5,2.07,6.9
77.4,44.6,47.3,0.0,29.8,26.67,8.5,5.64,21.8
48.6,37.4,39.1,0.05,29.98,26.74,7.8,5.64,13.8
69.8,40.8,40.3,0.0,30.0,26.85,8.7,5.29,11.3
67.6,34.5,42.3,0.0,30.04,26.85,6.4,5.64,16.1
79.5,39.2,37.6,0.0,29.73,26.63,8.2,7.25,17.2
77.0,40.6,41.5,0.0,29.89,26.71,8.5,5.52,17.2
52.3,20.5,25.5,0.0,30.01,26.76,8.2,0.92,5.87
44.6,37.4,38.9,0.2,29.66,26.46,6.0,6.1,13.8
66.7,54.0,47.9,0.0,29.82,26.71,8.6,7.14,10.2
37.4,17.6,19.5,0.05,30.23,26.93,7.3,5.06,12.7
84.6,51.6,50.1,0.0,29.75,26.68,8.6,3.34,6.9
77.0,45.3,46.1,0.0,29.86,26.75,8.6,5.52,14.9
41.0,24.8,21.5,0.0,30.01,26.75,8.5,3.45,12.7
61.9,22.3,27.3,0.0,30.22,26.93,8.1,2.42,13.8
86.7,49.5,48.5,0.0,29.78,26.66,8.8,6.79,17.2
56.5,34.2,34.8,0.0,29.89,26.68,8.4,5.41,40.2
39.6,29.5,31.5,0.0,30.27,26.95,5.2,1.15,4.72
43.9,35.6,35.2,0.1,29.78,26.59,8.0,8.17,21.8
55.4,32.0,35.3,0.2,29.72,26.5,7.6,7.71,18.3
56.5,28.2,32.5,0.2,30.0,26.77,8.3,2.99,8.06
41.0,12.2,16.6,0.0,30.43,27.01,5.3,1.61,4.72
82.4,49.6,47.1,0.0,29.87,26.78,8.7,6.56,23.0
38.7,22.6,22.2,0.0,30.18,26.83,8.1,1.61,6.9
86.5,51.1,45.6,0.0,29.8,26.68,8.4,3.45,12.7
68.4,50.9,50.0,0.0,30.03,26.84,8.6,6.67,13.8
44.6,24.8,27.4,0.1,29.94,26.71,7.6,8.86,25.3
44.2,31.5,32.8,0.5,29.94,26.66,5.7,3.57,10.2
47.5,25.9,26.7,0.0,30.08,26.78,5.3,0.81,4.72
81.5,54.0,55.7,0.1,29.78,26.71,8.6,6.1,10.2
36.7,28.4,27.0,0.2,30.0,26.69,7.1,5.52,10.2
78.8,50.7,41.1,0.0,29.93,26.79,8.9,10.4,17.2
87.8,51.1,47.6,0.0,29.77,26.64,8.6,3.57,11.3
52.7,33.8,33.4,0.1,29.73,26.53,8.4,5.41,19.4
76.6,54.7,48.2,0.0,29.82,26.7,8.3,5.75,13.8
65.3,28.0,35.3,0.0,30.23,26.98,5.5,3.11,11.3
73.4,53.6,44.2,0.9,29.77,26.64,8.9,11.2,16.1
35.6,24.8,20.2,0.0,29.96,26.72,9.1,11.0,23.0
53.2,37.8,31.4,0.0,29.92,26.69,8.1,7.25,19.4
80.6,60.8,54.1,0.0,29.66,26.63,8.3,6.21,12.7
82.4,59.7,49.8,0.0,29.84,26.73,8.5,9.44,14.9
77.4,50.7,52.5,0.05,29.65,26.56,8.1,5.41,17.2
81.0,52.9,52.5,0.0,29.7,26.64,8.4,5.18,11.3
48.9,28.4,30.9,0.05,29.85,26.57,5.6,4.72,16.1
50.7,22.6,28.5,0.0,30.26,26.98,3.6,2.65,16.1
53.6,42.4,42.7,0.0,29.86,26.66,7.0,5.75,11.3
44.6,38.5,35.6,0.7,30.0,26.76,7.6,5.64,10.2
56.7,31.3,34.8,0.0,30.2,26.93,4.9,0.35,4.72
66.6,39.2,36.6,0.0,29.89,26.71,8.3,3.34,9.21
52.5,35.2,39.3,0.05,30.05,26.82,8.1,5.18,14.9
54.5,43.9,44.3,0.0,29.84,26.65,7.0,4.83,11.3
52.9,30.4,35.0,0.0,29.92,26.68,7.5,6.9,16.1
90.3,55.4,53.7,0.0,29.65,26.63,8.6,5.75,13.8
30.2,18.0,20.9,0.05,30.07,26.77,6.9,4.83,11.3
33.1,12.6,12.8,0.0,30.23,26.82,8.3,3.22,9.21
52.5,23.0,19.5,0.0,30.3,26.97,7.7,5.41,11.3
54.3,24.8,30.4,0.2,30.04,26.77,8.4,3.57,9.21
50.4,33.4,37.2,0.6,29.53,26.33,7.6,6.79,16.1
37.4,21.0,23.2,0.0,30.16,26.81,6.7,1.15,5.87
83.1,46.9,48.0,0.0,29.83,26.75,8.4,7.25,13.8
71.6,48.2,46.7,0.0,29.89,26.77,8.3,4.72,17.2
37.8,31.5,30.9,0.2,30.12,26.81,7.1,2.19,6.9
43.3,30.2,31.6,0.05,30.01,26.72,4.8,5.29,13.31
78.8,43.9,43.0,0.0,29.98,26.91,7.1,9.32,17.2
73.4,40.6,46.1,0.0,30.0,26.86,8.0,4.37,11.3
39.6,26.6,30.4,0.05,29.81,26.58,6.7,6.9,13.8
46.8,23.0,28.5,0.05,29.97,26.72,6.1,4.03,13.8
36.5,31.6,29.9,0.0,29.96,26.67,6.7,10.0,14.9
91.4,47.1,32.8,0.0,29.92,26.79,8.6,1.84,8.06
39.7,26.6,25.1,0.3,29.81,26.59,7.9,6.1,14.9
60.1,39.9,37.5,0.0,30.21,26.99,8.8,1.5,5.87
64.4,38.8,41.1,0.0,30.06,26.86,8.4,4.14,16.1
60.1,41.0,42.3,0.0,29.98,26.78,8.7,7.94,14.9
93.7,57.6,52.0,0.0,29.74,26.65,8.7,5.06,14.9
93.2,59.0,52.4,0.0,29.7,26.61,8.6,10.2,27.5
85.3,59.0,52.9,0.0,29.7,26.65,8.8,6.44,18.3
72.7,37.0,34.8,0.0,30.1,26.93,7.7,4.14,12.7
62.6,39.2,40.0,0.0,30.03,26.81,7.5,1.5,8.06
88.5,55.4,43.0,0.0,29.82,26.77,8.3,6.1,19.4
39.2,32.0,29.9,0.0,30.16,26.85,7.9,9.78,14.9
86.7,59.0,54.3,0.0,29.76,26.74,8.2,4.6,10.2
36.5,15.8,20.3,0.3,29.93,26.6,7.8,2.42,6.9
48.9,32.0,36.2,4.0,30.27,26.98,2.9,1.15,6.9
63.5,26.2,29.7,0.05,30.24,26.97,6.8,2.07,8.06
35.6,24.8,26.2,0.2,30.06,26.8,6.8,7.48,13.8
71.6,49.5,45.6,0.0,30.08,26.92,8.6,9.9,19.4
62.6,33.8,38.7,0.0,30.22,26.98,6.3,2.65,9.21
55.8,15.6,17.2,0.0,30.32,26.99,8.4,4.26,13.8
90.3,52.2,42.6,0.0,29.78,26.73,8.5,4.14,13.8
82.6,50.4,52.4,0.0,29.81,26.74,9.3,3.57,23.0
68.7,54.1,53.8,0.1,29.78,26.7,7.7,4.14,12.7
91.4,62.6,49.7,0.0,29.6,26.6,8.7,9.32,13.8
81.3,38.7,36.4,0.0,29.94,26.77,8.3,3.91,11.3
73.4,38.8,43.4,0.0,30.04,26.87,7.4,4.83,12.7
86.0,53.2,48.2,0.0,29.93,26.8,8.2,12.8,23.0
48.7,17.4,22.5,0.0,30.3,26.93,5.4,2.07,9.21
86.0,47.7,41.1,0.0,29.99,26.84,8.5,2.19,5.87
69.4,32.7,37.1,0.0,30.14,26.95,6.4,2.07,6.9
45.7,28.4,34.4,0.0,29.95,26.7,5.0,5.29,13.8
63.3,37.0,33.0,0.0,30.21,27.0,8.2,6.56,11.3
50.4,37.8,36.7,0.0,30.18,26.93,7.5,2.99,6.9
85.5,60.1,44.8,0.0,29.87,26.75,8.4,6.67,11.3
48.9,35.6,36.0,0.0,29.9,26.68,7.8,3.34,9.21
57.2,28.4,33.6,0.0,30.26,26.98,5.4,1.15,5.87
97.5,52.2,38.4,0.0,29.8,26.7,8.6,5.52,11.3
86.0,57.2,47.9,0.0,29.76,26.71,8.7,4.72,17.2
63.7,20.7,23.8,0.0,30.39,27.07,7.3,1.27,10.2
44.6,25.2,21.9,0.0,30.2,26.87,8.4,3.68,11.3
40.6,30.2,30.6,0.4,29.69,26.49,7.8,7.83,11.3
42.4,30.2,30.1,0.0,30.04,26.79,8.4,7.83,13.8
50.0,38.5,36.5,0.4,29.92,26.72,8.3,5.41,14.9
30.2,21.2,17.6,0.0,30.13,26.83,8.8,7.14,12.7
55.8,25.5,30.2,0.0,30.1,26.83,8.6,4.72,17.2
51.8,26.6,27.5,0.0,30.13,26.88,7.8,5.64,12.7
65.1,46.4,47.5,0.3,29.62,26.51,8.5,7.25,19.4
25.9,-5.8,-2.5,0.0,30.57,27.03,6.3,1.15,6.9
41.4,17.6,19.5,0.0,30.42,27.05,7.1,1.04,5.87
57.2,25.9,31.5,0.0,30.06,26.79,8.6,2.76,9.21
82.4,48.2,36.0,0.0,30.08,26.93,8.5,2.88,12.7
41.0,33.8,31.7,0.4,29.79,26.58,8.8,14.7,32.2
90.7,62.2,57.6,0.0,29.83,26.81,8.4,10.2,17.2
46.9,26.6,14.3,0.0,30.09,26.82,8.6,8.63,18.3
61.5,46.4,46.0,0.2,29.85,26.68,7.9,4.26,12.7
81.0,50.0,42.3,0.0,29.91,26.81,8.6,3.8,11.3
74.8,42.8,45.0,0.0,30.01,26.88,7.5,5.06,14.9
50.4,28.4,27.2,0.0,30.02,26.75,8.7,4.72,9.21
74.1,50.0,42.5,0.0,29.81,26.73,8.5,5.29,14.9
52.5,26.6,31.0,0.0,30.38,27.11,4.1,1.15,8.06
45.0,29.8,31.3,0.0,30.17,26.9,4.6,1.96,6.9
49.6,26.6,29.6,0.0,29.97,26.72,7.5,2.3,8.06
64.4,53.6,52.5,0.0,29.8,26.69,8.2,3.45,11.3
61.3,46.2,43.7,0.3,29.61,26.45,8.0,8.29,17.2
55.4,25.9,28.9,0.0,29.95,26.72,7.6,2.07,6.9
85.1,60.8,51.9,0.0,29.76,26.7,8.8,10.1,16.1
77.0,50.0,44.4,0.0,29.83,26.74,8.6,7.25,12.7
75.6,57.2,47.1,0.0,29.83,26.75,9.1,7.14,11.3
49.3,28.8,31.2,0.0,30.01,26.77,7.6,7.02,16.1
61.56,37.08,36.29,0.05,29.98,26.78,7.72,5.39,13.31
81.3,50.4,50.2,0.0,29.82,26.73,8.2,4.95,20.8
79.2,45.5,44.7,0.0,29.79,26.7,8.6,6.1,13.8
77.0,42.1,46.7,0.0,29.99,26.86,7.8,2.3,8.06
83.1,55.4,51.6,0.0,29.71,26.65,8.4,5.29,12.7
39.2,30.2,27.9,0.1,30.11,26.82,9.0,5.41,11.3
65.5,40.6,37.5,0.0,30.0,26.8,8.6,8.63,14.9
100.0,59.4,43.1,0.0,29.57,26.59,8.6,2.07,6.9
30.9,17.6,18.5,0.1,30.09,26.72,8.4,3.57,10.2
80.6,52.2,44.4,0.0,29.94,26.83,8.1,9.55,14.9
68.0,53.6,52.9,0.2,29.96,26.79,8.2,5.64,16.1
47.8,24.1,23.9,0.0,30.22,26.91,8.5,3.45,21.8
70.2,43.9,41.9,0.0,30.11,26.94,8.5,2.19,6.9
37.9,30.2,33.1,0.1,30.02,26.73,4.0,3.45,10.2
57.2,28.4,29.9,0.05,30.09,26.86,8.3,3.11,9.21
84.7,52.5,51.3,0.0,29.86,26.78,8.6,7.83,18.3
35.6,14.0,14.7,0.0,30.26,26.89,8.7,2.76,9.21
89.6,60.8,50.9,0.0,29.87,26.76,8.6,8.75,16.1
75.9,41.9,41.9,0.0,29.77,26.66,9.2,4.95,16.1
51.1,32.5,37.7,0.1,29.84,26.64,8.7,4.14,11.3
78.8,51.1,50.6,0.0,30.0,26.89,8.4,3.8,13.8
72.3,46.4,45.8,0.0,30.01,26.85,8.7,2.88,12.7
64.4,42.3,42.1,0.05,29.81,26.65,9.0,5.29,14.9
88.2,49.5,44.5,0.0,29.59,26.52,8.7,7.83,17.2
46.8,35.6,32.8,0.3,29.93,26.69,7.7,2.42,8.06
53.6,32.0,34.5,0.0,29.87,26.66,8.7,5.87,12.7
37.4,24.8,21.4,0.0,30.39,27.08,8.9,9.32,18.3
91.8,56.8,53.6,0.0,29.66,26.64,8.6,6.67,17.2
41.0,28.8,34.3,0.0,30.07,26.77,2.6,1.84,8.06
70.9,55.4,52.5,0.0,29.82,26.73,8.2,11.9,21.8
40.1,22.6,23.9,0.05,30.04,26.77,8.1,3.34,8.06
50.7,24.8,28.8,0.0,29.97,26.73,8.5,2.53,8.06
49.6,37.0,37.9,0.1,30.06,26.83,6.7,2.3,9.21
48.2,33.8,35.5,0.6,29.55,26.36,7.3,8.4,24.1
60.3,39.6,37.5,0.0,30.16,26.93,8.7,7.48,11.3
34.5,21.2,22.4,0.0,30.23,26.86,6.0,2.53,6.9
64.0,37.4,34.3,0.0,29.9,26.72,8.5,4.49,12.7
55.4,23.0,29.8,0.0,30.25,26.95,6.5,0.92,5.87
39.2,33.8,33.1,0.8,29.82,26.55,7.2,9.32,16.1
75.2,48.2,49.2,0.0,29.9,26.78,8.7,5.18,17.2
89.6,61.9,48.7,0.0,29.71,26.7,8.0,6.9,13.8
66.2,44.2,47.9,0.2,30.14,26.95,7.4,5.52,21.8
71.2,30.0,46.1,0.2,29.68,26.57,7.6,6.1,23.0
48.2,33.8,30.7,0.1,30.06,26.82,8.6,14.3,19.4
81.7,53.6,44.5,0.0,29.78,26.66,8.3,8.75,17.2
46.4,22.5,24.3,0.0,30.22,26.95,7.8,2.3,6.9
74.3,50.7,45.4,0.0,30.07,26.91,8.8,6.44,10.2
88.5,53.6,48.7,0.0,29.88,26.77,8.8,6.79,11.3
78.3,53.6,55.0,0.1,29.74,26.65,8.3,6.33,51.6
86.0,49.3,44.7,0.0,29.86,26.73,8.3,4.6,20.8
87.8,49.3,38.9,0.0,29.88,26.75,8.5,3.57,10.2
72.7,32.0,27.9,0.0,30.09,26.89,8.2,2.19,9.21
63.3,46.0,44.0,0.1,29.56,26.45,8.6,11.2,21.8
56.5,41.0,41.7,0.0,29.81,26.65,8.1,5.75,12.7
48.7,30.2,33.0,0.0,29.98,26.75,7.9,3.57,10.2
89.6,56.5,48.7,0.05,29.79,26.73,8.6,10.2,17.2
51.4,39.7,39.6,0.0,30.0,26.76,8.4,8.52,13.8
86.9,58.3,52.4,0.0,29.73,26.71,8.3,8.4,14.9
46.4,18.9,25.1,0.0,30.29,26.94,2.9,1.96,9.21
57.6,18.9,20.4,0.0,30.0,26.71,8.2,2.76,11.3
75.2,47.8,40.1,0.0,30.12,26.96,8.8,4.26,18.3
61.5,28.8,31.8,0.0,30.17,26.94,8.5,3.22,8.06
77.4,49.1,46.4,0.05,29.93,26.83,8.6,3.91,10.2
54.3,27.9,30.8,0.0,30.45,27.16,7.1,5.75,10.2
59.4,26.1,28.8,0.0,30.01,26.76,8.2,3.45,11.3
64.0,25.3,29.9,0.0,30.22,26.93,7.4,0.81,6.9
92.1,54.7,45.0,0.0,29.68,26.66,8.6,8.17,20.8
46.4,27.0,31.9,0.05,29.91,26.63,7.1,2.76,9.21
63.3,38.1,36.8,0.0,30.17,26.95,8.5,5.52,12.7
50.0,31.1,38.2,0.2,29.79,26.59,6.8,2.53,10.2
69.1,26.2,29.5,0.05,29.94,26.75,8.3,4.03,12.7
57.9,32.4,34.5,0.0,29.89,26.69,8.9,4.6,13.8
57.9,18.9,23.9,0.0,30.48,27.13,7.7,0.81,4.72
60.8,36.7,37.4,0.0,30.19,26.95,8.2,1.61,5.87
30.9,21.2,17.1,0.0,30.1,26.81,8.3,5.18,10.2
72.3,51.8,51.4,0.2,29.78,26.68,8.3,2.53,12.7
78.8,49.3,50.6,0.0,29.97,26.88,8.7,2.65,9.21
67.6,51.8,53.0,1.1,29.66,26.56,7.4,3.45,10.2
82.4,54.3,52.4,0.0,29.84,26.77,8.7,6.1,16.1
74.1,47.8,48.0,0.0,29.98,26.86,8.6,5.06,10.2
80.6,42.8,37.9,0.0,30.13,26.96,8.8,3.34,8.06
84.9,58.3,49.0,0.0,29.82,26.77,8.6,9.32,13.8
82.0,42.4,38.1,0.0,29.93,26.81,8.8,2.65,8.06
72.0,48.2,46.5,0.2,29.88,26.76,8.8,4.83,10.2
36.7,19.0,17.5,0.0,30.26,26.95,8.1,4.72,10.2
65.1,41.4,32.7,0.0,29.94,26.75,8.8,9.32,17.2
29.5,26.1,20.0,0.0,30.12,26.77,9.1,1.04,4.72
59.0,19.4,24.3,0.0,30.35,27.02,6.5,1.04,5.87
81.5,50.0,51.0,0.0,29.95,26.85,8.2,6.56,26.3
52.9,35.6,36.8,0.0,30.03,26.8,8.5,7.48,14.9
43.9,20.8,25.9,0.0,30.27,26.9,3.9,2.19,8.06
73.8,44.6,48.0,0.0,29.69,26.59,8.3,5.64,20.8
92.5,54.0,41.4,0.0,29.81,26.77,8.5,4.72,11.3
38.8,32.0,31.8,0.0,30.42,27.08,1.1,1.04,5.87
68.4,50.7,50.4,0.1,29.95,26.8,8.8,6.1,10.2
63.7,50.0,47.9,0.2,29.75,26.65,8.1,8.06,23.0
57.6,32.7,36.9,0.0,29.88,26.69,8.4,4.49,10.2
55.4,23.4,27.2,0.0,30.12,26.81,7.9,1.04,5.87
29.5,24.8,23.3,0.05,30.13,26.83,7.6,12.2,31.0
64.4,35.6,39.1,0.0,29.96,26.78,8.7,4.72,12.7
57.9,37.4,44.0,0.2,29.86,26.73,6.0,7.94,24.1
58.3,31.3,30.9,0.05,29.86,26.65,8.7,4.37,10.2
78.8,59.0,55.4,0.1,29.81,26.73,8.6,9.78,14.9
65.1,34.9,30.3,0.0,30.14,26.92,8.6,3.22,9.21
79.0,32.0,31.6,0.0,29.87,26.72,8.2,3.34,11.3
75.2,51.8,48.2,0.0,29.93,26.83,8.7,5.64,10.2
42.8,33.6,30.9,0.0,30.19,26.88,8.9,4.03,10.2
52.5,16.5,24.2,0.0,29.95,26.67,6.6,5.18,14.9
72.5,48.2,44.6,0.0,29.86,26.75,8.6,6.67,14.9
52.2,30.6,31.4,0.1,29.61,26.39,7.4,3.68,13.8
82.0,47.8,45.1,0.0,29.95,26.8,8.5,3.11,8.06
41.0,32.7,28.9,0.2,29.81,26.56,9.3,6.79,17.2
78.1,49.8,51.2,0.0,29.82,26.72,7.8,2.99,8.06
68.7,44.6,45.2,0.0,29.79,26.67,8.6,6.79,17.2
57.2,44.6,42.5,0.1,30.06,26.87,8.8,3.34,10.2
81.3,48.2,48.7,0.0,29.82,26.72,8.7,4.83,13.8
55.0,26.6,31.9,0.0,30.22,26.93,6.0,1.61,10.2
72.5,31.6,42.5,0.0,29.83,26.69,8.9,6.44,18.3
46.4,37.4,33.5,0.2,29.78,26.59,8.6,5.29,13.8
79.5,46.0,47.0,0.0,29.82,26.7,8.6,2.88,11.3
83.5,53.8,55.7,0.0,29.81,26.61,8.7,5.18,46.0
51.3,33.1,33.7,0.0,30.05,26.8,7.8,6.44,13.8
80.6,54.1,48.3,0.0,29.83,26.75,8.5,7.48,12.7
78.8,46.4,48.4,0.0,29.77,26.71,8.2,4.49,12.7
77.0,30.2,41.2,0.0,29.99,26.84,7.5,3.57,12.7
46.4,27.9,27.3,0.0,30.3,26.97,6.7,1.84,9.21
80.6,55.4,55.1,0.1,29.7,26.65,8.4,6.1,16.1
85.5,45.5,47.6,0.0,29.83,26.7,8.6,4.83,19.4
73.8,47.5,45.1,0.0,29.83,26.7,8.4,6.21,10.2
63.3,41.0,40.9,0.0,29.99,26.85,8.9,8.29,17.2
41.4,15.3,16.2,0.0,30.37,26.99,8.3,5.18,11.3
74.8,32.0,35.9,0.0,30.19,27.0,8.3,2.19,8.06
74.5,42.1,39.4,0.0,29.78,26.65,8.9,5.06,13.8
39.2,28.4,26.9,0.0,30.29,26.95,6.9,4.03,8.06
48.6,27.7,27.9,0.0,29.96,26.7,8.5,9.32,17.2
78.8,55.4,43.7,0.0,29.86,26.72,8.6,5.29,11.3
66.7,42.1,43.1,0.0,30.09,26.9,8.9,9.44,14.9
70.5,40.3,42.1,0.0,30.05,26.89,8.7,5.29,13.8
37.8,24.8,20.4,0.1,29.87,26.65,9.4,13.3,19.4
71.6,34.3,36.6,0.0,29.94,26.76,8.7,4.26,13.8
73.4,28.6,46.8,0.1,29.81,26.68,8.4,5.29,21.8
61.5,21.2,24.2,0.0,30.21,26.92,7.7,1.15,6.9
46.4,37.0,38.3,0.4,29.85,26.65,7.1,4.49,16.1
77.4,53.6,49.8,0.0,30.05,26.89,8.7,3.91,11.3
46.8,35.6,38.8,0.1,29.88,26.66,5.9,3.11,9.21
63.0,30.2,32.7,0.05,29.78,26.59,8.4,11.0,25.3
36.3,26.6,28.0,0.2,29.94,26.66,4.7,8.29,14.9
56.5,23.4,25.4,0.0,30.01,26.75,8.1,4.14,14.9
64.4,47.8,45.7,0.4,29.85,26.68,8.0,7.71,20.8
83.5,47.7,45.9,0.0,29.77,26.7,8.6,3.45,9.21
47.8,26.6,29.1,0.0,30.27,26.99,5.5,1.38,4.72
93.9,56.5,37.1,0.0,29.86,26.75,8.5,5.98,13.8
74.5,56.5,49.1,0.0,29.96,26.85,9.2,9.32,12.7
95.4,59.4,43.4,0.0,29.81,26.72,8.8,7.83,10.2
39.4,23.0,19.7,0.0,30.02,26.7,7.0,3.91,11.3
32.5,18.9,14.0,0.0,30.25,26.85,8.2,11.5,19.4
35.6,17.6,15.7,0.0,30.3,26.92,8.5,10.7,17.2
45.7,32.0,30.8,0.1,29.86,26.59,7.4,0.81,4.72
39.9,19.0,21.3,0.0,30.41,26.99,6.3,3.45,10.2
47.8,31.3,32.7,0.0,30.27,26.96,3.6,2.19,6.9
30.2,19.4,14.2,0.2,30.08,26.78,9.2,7.48,18.3
54.0,39.2,40.0,0.2,29.72,26.54,8.8,6.1,16.1
80.2,48.9,46.7,0.0,29.87,26.77,8.5,5.18,11.3
32.0,-1.5,4.1,0.0,30.6,27.08,5.3,1.38,5.87
83.1,55.4,48.9,0.0,29.62,26.6,8.7,7.71,17.2
48.2,36.0,36.1,0.0,30.05,26.81,7.2,8.75,14.9
75.2,45.0,46.5,0.0,29.87,26.76,8.6,6.21,11.3
86.4,50.0,45.6,0.0,29.91,26.77,8.0,4.37,17.2
79.5,53.6,48.8,0.0,29.73,26.65,8.7,6.67,13.8
32.7,29.1,26.0,0.0,30.34,26.99,7.5,3.22,5.87
78.8,56.8,50.9,0.1,29.82,26.74,8.6,9.9,23.0
41.0,23.0,23.2,0.2,29.96,26.71,5.9,12.4,20.8
53.6,26.2,31.4,0.0,29.98,26.73,7.6,8.29,13.8
88.2,53.6,39.8,0.0,29.88,26.77,8.2,8.86,18.3
82.4,43.9,35.3,3.3,29.96,26.81,8.5,3.45,10.2
93.2,55.4,45.3,0.0,29.87,26.75,8.5,4.37,10.2
38.1,14.0,19.8,0.1,30.53,27.13,6.7,4.95,10.2
60.1,37.4,39.5,0.0,29.91,26.71,7.3,7.02,12.7
50.0,23.0,30.2,0.0,30.04,26.74,7.3,6.44,16.1
61.2,33.3,36.1,0.0,29.84,26.64,8.5,4.72,12.7
55.4,44.6,38.7,0.0,29.88,26.69,8.4,5.41,13.8
48.6,28.4,32.1,0.0,30.32,26.99,2.7,1.04,11.3
81.3,51.4,50.8,0.0,29.81,26.73,8.7,7.25,13.8
59.4,23.7,28.1,0.0,30.0,26.75,9.3,4.95,13.8
68.0,34.9,39.9,0.0,30.24,27.02,8.2,2.19,10.2
88.5,50.4,50.4,0.0,29.93,26.8,8.7,4.72,10.2
80.6,44.2,45.6,0.0,29.8,26.69,8.5,2.65,8.06
73.4,45.0,34.5,0.05,29.73,26.58,7.6,18.0,36.7
31.5,24.8,25.6,0.0,30.32,26.98,0.7,0.81,4.72
53.2,41.0,35.1,0.0,30.04,26.83,8.8,8.06,11.3
79.0,48.4,50.5,0.0,29.88,26.78,8.6,5.52,13.8
38.1,15.8,19.8,0.0,30.26,26.88,8.9,8.52,14.9
78.1,55.4,49.4,0.0,30.0,26.9,8.7,6.1,11.3
65.8,26.6,30.1,0.0,30.14,26.9,8.0,2.3,5.87
50.4,39.6,41.7,0.0,30.11,26.88,4.3,1.38,8.06
75.9,42.1,43.2,0.0,30.02,26.88,8.6,4.49,13.8
51.3,33.1,35.6,0.1,30.3,27.03,4.7,4.03,8.06
85.3,62.4,55.2,0.0,29.75,26.72,8.3,10.1,17.2
66.7,35.6,37.4,0.0,30.14,26.91,7.5,1.73,6.9
67.3,40.5,37.6,0.0,30.15,26.98,8.3,7.37,10.2
48.2,33.8,32.1,0.1,29.85,26.65,8.4,5.18,11.3
88.2,55.4,49.3,0.0,29.7,26.65,8.8,7.14,17.2
84.2,50.0,48.3,0.0,29.94,26.84,8.5,7.14,20.8
79.7,52.5,49.2,0.0,29.86,26.79,8.9,6.56,17.2
44.6,29.8,34.9,0.1,29.94,26.7,5.0,5.75,13.8
40.1,28.0,25.0,0.0,29.94,26.67,7.5,1.73,9.21
37.9,11.8,14.7,0.0,30.26,26.85,6.9,6.21,14.9
57.2,30.2,34.6,0.1,29.91,26.7,8.1,7.94,18.3
35.2,15.8,20.1,0.0,30.37,26.97,4.5,1.38,6.9
93.2,61.5,47.7,0.0,29.79,26.7,8.3,8.29,17.2
77.0,53.6,50.3,0.0,29.94,26.83,9.0,9.32,14.9
31.3,12.2,14.9,0.1,30.25,26.88,8.6,9.21,20.8
56.7,17.6,16.8,0.0,29.94,26.65,7.3,1.27,5.87
70.5,38.8,36.0,0.0,30.19,26.99,8.1,7.48,16.1
55.4,37.4,33.4,0.1,29.9,26.67,8.4,3.8,8.06
79.2,46.4,43.1,0.0,29.9,26.81,8.1,4.26,11.3
43.2,30.2,33.2,0.1,29.68,26.48,6.9,7.37,18.3
90.0,65.1,55.4,0.2,29.69,26.67,8.9,10.8,16.1
84.6,47.8,46.5,0.0,30.04,26.91,7.7,1.61,6.9
83.5,56.5,52.7,0.2,29.66,26.59,8.6,5.52,23.0
86.0,55.4,50.9,0.0,29.77,26.72,8.5,5.41,12.7
81.7,41.4,34.9,0.0,29.99,26.83,8.2,1.96,8.06
70.5,50.0,49.8,0.1,29.89,26.77,8.1,6.67,17.2
77.0,46.6,46.0,0.0,29.9,26.79,8.6,4.26,10.2
72.5,42.8,45.4,0.0,29.92,26.78,8.5,5.87,16.1
88.2,44.6,39.8,0.0,29.85,26.76,8.5,3.68,9.21
48.6,23.0,29.5,0.05,30.0,26.75,5.4,1.27,5.87
83.1,51.8,44.4,0.0,29.78,26.73,8.3,6.67,14.9
39.4,17.6,18.3,0.05,30.09,26.8,9.5,4.49,10.2
35.6,29.8,24.5,0.2,29.66,26.39,5.4,12.0,20.8
78.4,47.8,45.9,0.0,30.09,26.92,8.8,4.14,12.7
89.6,46.4,40.9,0.0,29.88,26.8,8.3,4.14,13.8
59.4,46.4,41.3,0.0,29.8,26.62,8.7,14.0,20.8
38.5,24.6,24.3,0.0,29.76,26.48,7.8,8.52,16.1
65.1,46.4,48.2,0.0,29.79,26.68,8.0,4.03,12.7
50.4,24.8,21.1,0.05,30.17,26.92,8.3,5.52,11.3
53.2,41.0,41.3,0.6,29.78,26.61,8.4,8.98,18.3
46.4,19.0,22.6,0.05,30.04,26.73,5.2,4.26,13.8
40.6,27.7,23.3,0.0,30.13,26.8,8.8,4.14,10.2
64.4,26.2,30.7,0.0,29.94,26.73,7.8,6.33,16.1
56.8,29.8,31.4,0.1,29.91,26.67,6.6,2.19,9.21
47.5,35.6,30.8,0.0,30.14,26.88,9.0,4.03,9.21
78.1,57.2,49.9,0.0,29.89,26.8,8.7,6.67,12.7
42.4,30.2,25.0,0.0,30.16,26.91,8.6,7.25,16.1
89.6,56.1,47.4,0.0,29.85,26.81,8.4,5.52,13.8
82.8,55.4,48.8,0.0,29.82,26.75,8.5,6.44,23.0
52.9,19.8,13.9,0.0,30.11,26.82,7.9,6.44,17.2
83.5,57.2,50.3,0.0,29.81,26.74,8.6,7.83,12.7
55.4,43.9,39.5,0.0,29.8,26.62,8.8,7.83,12.7
42.4,23.7,29.3,0.0,30.27,26.93,4.4,3.91,11.3
65.5,34.9,37.0,0.0,29.97,26.76,10.7,6.56,19.4
39.9,26.6,24.8,0.0,29.92,26.65,8.5,13.2,23.0
51.8,30.6,40.5,0.6,29.87,26.66,7.2,4.03,12.7
79.9,52.3,48.2,0.0,29.92,26.82,8.7,3.45,9.21
43.7,28.4,31.6,0.8,29.86,26.59,4.5,4.49,13.8
70.2,51.4,50.2,0.0,29.84,26.71,8.6,9.21,17.2
94.3,64.4,47.7,0.0,29.62,26.55,8.5,7.83,14.9
73.4,56.1,48.8,0.0,29.8,26.72,8.5,7.71,13.8
32.4,17.1,14.1,0.0,30.42,27.02,8.8,5.18,10.2
57.2,48.0,46.4,0.8,29.96,26.79,6.4,9.55,16.1
58.3,37.0,35.9,0.05,29.85,26.65,7.9,7.37,20.8
49.3,42.3,39.4,0.2,30.09,26.84,5.1,1.61,6.9
54.5,35.6,36.6,0.0,29.89,26.68,8.4,7.71,16.1
50.9,28.4,32.0,0.0,30.05,26.77,8.0,4.26,10.2
35.6,28.0,19.7,0.05,30.09,26.81,8.7,14.3,24.1
30.6,14.0,14.1,0.0,30.31,26.89,8.0,3.68,10.2
60.8,30.2,33.7,0.05,29.87,26.66,8.8,7.71,20.8
79.7,47.7,42.5,0.0,29.78,26.7,8.3,4.37,10.2
34.2,26.1,19.6,0.0,30.07,26.72,7.2,7.71,12.7
84.2,53.6,48.2,0.0,29.77,26.66,8.6,9.55,13.8
64.4,31.6,45.8,0.0,29.95,26.82,8.3,7.14,11.3
70.5,50.4,48.1,0.0,29.94,26.8,8.6,4.83,13.8
59.0,32.0,35.1,0.0,29.95,26.75,8.6,5.41,12.7
70.9,55.0,51.4,0.0,29.83,26.71,7.9,3.34,11.3
37.8,31.5,32.2,0.2,29.86,26.59,5.2,8.06,14.9
76.3,46.4,39.2,0.0,30.04,26.91,8.8,9.09,13.8
39.2,24.8,19.8,0.0,29.97,26.71,8.9,8.17,13.8
86.4,59.0,54.4,0.0,29.66,26.63,8.6,8.52,13.8
84.2,46.8,48.0,0.0,29.93,26.77,8.4,4.03,12.7
47.5,37.6,40.3,0.2,29.92,26.7,5.7,3.57,8.06
79.5,46.8,44.9,0.0,29.8,26.72,8.1,2.19,6.9
80.6,53.2,47.8,0.0,29.86,26.78,8.8,6.9,12.7
78.1,44.6,38.3,0.0,29.99,26.83,8.4,3.11,14.9
61.5,36.7,38.0,0.05,29.83,26.62,8.2,7.71,19.4
82.0,56.8,50.1,0.0,29.83,26.76,8.9,8.86,13.8
64.4,29.8,32.1,0.0,30.11,26.88,8.4,2.65,12.7
47.3,18.3,22.3,0.0,30.3,26.94,3.6,0.23,3.34
72.7,59.0,55.7,0.0,29.78,26.7,8.3,4.83,14.9
47.5,37.4,36.6,0.2,29.58,26.38,8.0,5.29,13.8
55.0,28.2,39.5,0.0,29.77,26.58,8.9,12.7,24.1
51.4,25.5,31.4,0.0,30.03,26.75,6.8,2.42,12.7
50.7,20.5,26.0,0.0,30.01,26.76,8.4,3.68,12.7
37.4,18.7,20.6,0.0,30.3,26.93,7.7,3.68,9.21
93.7,62.2,48.4,0.0,29.68,26.67,8.6,7.48,11.3
73.0,51.8,48.2,0.0,29.85,26.73,8.6,4.72,10.2
87.8,49.6,46.1,0.0,29.96,26.88,8.2,3.34,13.8
41.7,23.0,22.3,0.0,30.25,26.96,8.6,5.98,12.7
52.5,32.0,35.9,0.8,29.62,26.42,5.8,2.99,10.2
84.6,54.5,46.1,0.0,29.83,26.72,8.7,6.44,13.8
82.4,51.1,49.2,0.2,29.85,26.78,8.6,4.37,16.1
81.0,55.8,47.8,0.0,29.78,26.71,8.5,6.79,11.3
87.1,54.6,46.0,0.0,29.77,26.71,8.6,6.9,13.8
59.7,31.8,39.1,0.1,29.94,26.76,8.7,5.06,10.2
40.3,25.2,27.2,0.0,30.4,27.1,4.1,2.19,6.9
58.6,25.2,29.1,0.0,30.25,26.96,4.8,1.04,5.87
75.6,49.5,49.0,0.0,30.06,26.95,7.8,11.1,17.2
28.0,21.0,16.7,0.0,30.35,27.03,7.7,4.49,12.7
89.6,51.8,47.1,0.0,29.7,26.66,8.7,3.22,10.2
81.1,48.2,42.7,0.0,29.84,26.75,8.2,8.06,18.3
78.1,52.2,50.0,0.0,29.95,26.84,8.7,3.34,13.8
37.4,21.9,23.2,0.0,30.3,26.99,5.0,0.92,3.34
91.4,55.8,49.9,0.0,29.87,26.75,8.5,5.29,13.8
27.3,11.5,13.7,0.0,30.5,27.05,4.5,2.88,5.87
81.7,50.0,48.7,0.05,29.81,26.74,8.7,9.32,20.8
78.1,43.5,43.3,0.0,29.89,26.77,8.8,5.06,11.3
42.8,33.1,35.7,0.0,29.92,26.65,5.9,6.44,10.2
43.2,31.1,31.4,0.0,30.25,26.94,5.3,2.53,10.2
57.2,45.3,40.0,0.0,29.56,26.4,8.4,5.41,16.1
88.2,56.7,46.0,0.0,29.95,26.82,8.2,7.6,12.7
62.2,26.8,31.1,0.0,30.11,26.85,8.4,1.84,6.9
38.3,16.5,16.0,0.0,30.06,26.71,7.6,4.95,13.8
95.0,57.2,39.5,0.0,29.87,26.76,8.3,6.79,12.7
78.8,48.2,46.2,0.0,29.96,26.85,8.6,1.61,6.9
45.0,33.8,34.9,0.4,29.93,26.7,8.2,6.44,18.3
95.7,59.2,51.4,0.05,29.6,26.6,8.6,7.48,21.8
78.1,50.0,48.0,0.0,29.87,26.77,9.2,3.91,23.0
83.3,52.7,50.2,0.0,29.73,26.67,8.5,5.41,12.7
83.7,46.0,45.0,0.0,29.94,26.8,8.5,6.1,14.9
72.7,49.3,52.6,0.0,29.77,26.67,8.4,3.34,14.9
55.0,19.4,24.0,0.0,30.48,27.12,7.7,0.23,4.72
46.4,34.5,37.1,0.6,29.7,26.47,6.9,4.26,9.21
61.7,21.2,25.1,0.0,30.29,26.97,8.3,1.61,5.87
33.8,12.2,11.6,0.0,30.33,26.97,8.6,9.21,17.2
48.9,32.0,30.2,0.1,30.0,26.75,8.4,4.37,8.06
36.0,30.9,29.6,0.0,29.91,26.61,5.3,6.67,11.3
59.9,31.3,47.2,0.0,29.96,26.78,6.7,2.53,9.21
87.8,55.8,48.6,0.0,29.74,26.69,9.1,3.45,10.2
89.2,59.0,45.1,0.0,29.98,26.71,7.5,3.68,9.21
63.7,33.4,31.4,0.0,30.09,26.89,9.1,1.73,11.3
68.0,34.5,31.2,0.05,29.98,26.77,8.6,5.87,14.9
54.3,29.3,36.3,0.0,30.01,26.75,4.4,0.92,6.9
51.1,39.2,37.7,0.0,29.92,26.72,8.6,6.79,19.4
59.0,39.2,38.5,0.0,30.05,26.87,8.9,4.03,11.3
59.7,33.8,35.8,0.2,29.69,26.52,8.4,11.0,25.3
34.2,22.3,19.5,0.0,30.25,26.89,8.1,5.06,11.3
63.0,25.3,20.8,0.0,30.15,26.89,8.3,4.26,14.9
39.4,32.0,31.9,0.0,30.06,26.74,0.6,1.73,8.06
49.1,23.5,28.5,0.0,30.33,26.98,2.5,0.58,8.06
47.5,28.4,30.3,0.0,30.08,26.8,8.9,4.72,9.21
64.8,32.7,46.6,0.1,29.86,26.72,8.2,3.34,9.21
45.0,30.2,33.5,0.0,30.0,26.72,6.0,1.38,5.87
56.1,35.4,33.8,0.0,30.06,26.84,8.8,6.1,11.3
86.4,57.7,51.1,0.0,29.78,26.75,8.5,5.75,13.8
73.6,37.4,37.4,0.0,30.14,26.98,8.2,5.41,12.7
69.8,46.4,42.7,0.0,29.77,26.67,7.9,6.9,21.8
57.9,28.0,33.3,0.0,29.81,26.6,8.0,6.79,17.2
59.4,30.0,31.9,0.0,29.93,26.69,8.2,1.5,9.21
33.4,26.6,26.6,0.0,30.1,26.77,6.1,4.95,11.3
70.5,42.3,41.3,0.0,30.06,26.92,9.0,8.52,16.1
63.1,32.0,33.8,0.0,30.1,26.89,8.4,3.34,9.21
59.4,33.4,35.6,0.0,30.1,26.87,5.3,2.76,8.06
52.9,19.4,24.9,0.0,30.22,26.94,6.1,2.42,10.2
35.2,20.8,22.6,0.0,30.45,27.06,8.3,9.09,18.3
82.4,50.4,49.2,0.0,29.79,26.72,8.7,5.64,12.7
39.2,23.0,24.9,0.1,30.18,26.84,10.9,5.64,10.2
44.6,35.2,33.3,0.0,29.91,26.65,7.2,6.9,11.3
48.2,37.4,40.3,0.1,29.92,26.72,7.9,9.44,19.4
42.1,26.2,26.1,0.05,29.73,26.44,7.3,10.3,13.8
46.4,30.2,34.7,0.3,30.0,26.74,6.6,4.49,11.3
59.0,20.5,23.5,0.0,30.08,26.82,8.0,3.68,10.2
85.3,51.8,50.9,0.0,29.76,26.7,8.6,5.29,11.3
84.2,46.0,42.8,0.0,29.96,26.82,8.4,5.87,19.4
45.5,31.1,30.7,0.0,29.78,26.54,6.7,6.1,13.8
35.6,12.9,17.9,0.0,30.47,27.13,6.1,1.84,9.21
52.5,25.2,29.1,0.0,30.45,27.12,7.9,4.95,10.2
50.4,22.6,27.4,0.0,30.22,26.95,5.8,2.3,8.06
50.4,28.4,26.9,0.0,30.17,26.93,8.5,9.32,19.4
41.7,20.5,25.3,0.0,30.07,26.79,7.2,5.41,13.8
29.7,5.7,14.5,0.1,30.08,26.71,7.1,5.52,11.3
68.7,50.0,50.9,0.0,30.04,26.88,8.5,12.0,20.8
84.2,45.0,43.5,0.0,29.95,26.87,8.6,8.52,20.8
39.2,26.6,20.7,0.0,30.1,26.76,8.0,12.4,18.3
55.8,20.8,23.0,0.0,30.19,26.88,8.2,2.65,9.21
90.3,50.0,49.0,0.0,29.82,26.77,8.1,4.95,16.1
68.7,32.7,35.4,0.0,30.13,26.92,8.3,1.5,6.9
74.5,51.8,49.1,0.0,29.82,26.72,8.5,6.9,19.4
95.0,57.2,46.7,0.0,29.83,26.81,8.2,2.53,8.06
23.0,3.2,7.0,0.0,30.33,26.97,6.0,0.58,4.72
43.2,30.2,24.5,0.0,29.98,26.73,8.3,7.5,13.8
38.1,22.6,27.4,0.0,30.06,26.77,3.3,0.46,4.72
71.1,50.4,42.9,0.0,30.12,26.98,8.1,12.6,18.3
47.5,24.4,20.5,0.0,30.28,26.95,8.6,6.67,12.7
63.7,37.0,37.6,0.0,30.1,26.9,6.5,1.84,9.21
53.2,22.5,25.4,0.0,30.12,26.8,6.4,4.03,13.8
70.9,48.2,51.5,0.3,29.88,26.76,7.7,3.22,11.3
47.8,29.1,28.8,0.0,30.14,26.84,8.4,1.15,4.72
51.8,28.4,37.2,0.1,29.86,26.71,5.5,8.29,19.4
87.1,56.8,50.1,0.0,29.74,26.71,8.5,5.29,13.8
75.2,30.4,43.7,0.0,29.86,26.74,8.3,8.63,19.4
47.5,20.5,24.9,0.0,30.35,26.98,4.4,0.23,2.19
82.4,41.0,41.9,0.0,29.99,26.83,8.4,4.03,18.3
67.1,39.9,37.5,0.0,29.96,26.8,8.6,2.65,8.06
73.4,46.4,45.5,0.0,29.99,26.85,8.6,1.38,8.06
35.6,21.2,15.0,0.0,30.07,26.78,8.7,11.2,24.1
80.6,57.2,52.0,0.05,29.76,26.7,8.3,8.4,16.1
44.6,21.0,26.4,0.0,30.11,26.8,5.0,4.83,14.9
41.4,35.2,33.6,0.0,30.17,26.88,7.7,13.6,18.3
64.0,32.0,34.1,0.0,30.15,26.92,8.6,2.19,9.21
74.3,40.6,43.2,0.0,29.85,26.72,8.7,5.64,13.8
65.1,31.3,36.2,0.0,29.93,26.72,8.2,3.57,11.3
85.6,57.2,48.3,0.0,29.74,26.69,8.6,6.1,11.3
41.9,32.7,30.2,0.0,30.03,26.75,7.7,7.02,12.7
68.4,47.7,49.4,0.2,29.86,26.7,7.6,3.8,17.2
42.8,19.4,22.0,0.05,30.01,26.73,5.0,2.3,10.2
41.0,15.8,22.1,0.0,30.34,26.96,6.8,3.8,11.3
68.0,45.3,47.4,0.1,29.83,26.69,8.6,3.57,10.2
42.8,33.3,31.1,0.1,29.88,26.62,8.7,15.3,19.4
43.9,26.1,23.4,0.0,30.25,26.94,8.0,5.52,10.2
93.7,62.2,48.0,0.0,29.73,26.73,8.9,6.33,14.9
82.8,59.9,49.9,0.0,29.63,26.62,8.7,8.4,14.9
52.2,34.5,34.4,0.0,30.01,26.77,6.9,2.07,8.06
34.7,24.8,25.4,0.1,29.79,26.52,7.0,7.83,14.9
67.3,36.3,33.4,0.0,30.2,26.98,8.2,2.19,6.9
77.0,49.6,49.3,0.05,29.87,26.76,8.8,5.75,20.8
57.9,32.5,36.7,0.0,29.91,26.67,8.8,6.1,12.7
75.9,46.8,46.7,0.0,29.79,26.7,8.6,8.52,17.2
65.8,37.4,38.3,0.0,29.92,26.73,8.7,10.3,16.1
31.1,6.8,6.4,0.0,30.42,26.97,8.3,4.72,10.2
58.6,20.5,23.2,0.0,29.86,26.61,8.4,2.76,14.9
35.2,26.2,22.9,0.0,30.31,26.98,8.6,3.68,16.1
52.2,25.5,22.2,0.0,30.39,27.07,8.5,9.9,14.9
64.4,46.4,44.0,0.3,29.88,26.77,9.2,5.98,11.3
89.6,46.0,41.1,0.0,29.69,26.57,8.5,6.44,17.2
83.1,52.7,48.6,0.0,29.78,26.73,8.3,4.26,12.7
64.4,37.4,38.6,0.0,30.12,26.92,8.3,3.8,10.2
76.3,48.2,43.7,0.0,29.94,26.83,8.6,5.29,13.8
30.7,28.4,25.6,0.5,29.78,26.48,4.2,15.3,26.3
76.6,50.4,46.5,0.0,29.96,26.85,9.1,5.98,11.3
83.8,60.1,44.3,0.0,29.81,26.7,8.7,6.44,17.2
68.7,48.2,53.3,0.2,29.73,26.61,6.7,1.96,13.8
78.8,48.6,39.9,0.0,30.07,26.9,8.5,8.06,14.9
41.7,29.8,29.1,0.05,30.01,26.74,8.6,10.5,13.31
61.2,30.2,39.3,0.0,29.91,26.72,8.3,2.65,10.2
37.6,30.6,30.8,0.0,30.15,26.88,6.2,7.83,12.7
33.4,19.0,11.3,0.0,30.19,26.83,8.4,6.79,12.7
80.6,45.3,46.3,0.0,30.0,26.89,8.2,4.83,13.8
85.3,59.0,48.0,0.0,29.81,26.77,8.6,6.56,12.7
75.9,39.0,46.7,0.05,29.84,26.69,8.4,5.75,14.9
53.6,30.6,42.7,0.1,29.86,26.67,8.5,6.33,11.3
86.4,53.6,48.8,0.0,30.04,26.9,8.1,10.3,36.9
81.3,54.7,45.3,0.0,29.92,26.83,8.7,5.87,10.2
61.7,33.1,35.3,0.0,29.88,26.66,8.7,5.18,12.7
23.0,-7.1,-1.2,0.0,30.28,26.78,6.9,4.6,12.7
66.2,25.5,27.3,0.0,29.91,26.71,8.3,4.14,11.3
48.9,26.2,32.6,0.0,30.24,26.97,5.7,2.76,8.06
52.7,27.3,32.0,0.05,30.27,26.99,5.3,3.8,11.3
50.4,26.6,33.1,0.0,30.3,26.98,5.8,1.15,4.72
79.2,53.6,46.1,0.0,29.8,26.73,8.6,5.75,12.7
36.5,27.1,22.2,0.0,29.78,26.54,8.8,12.3,20.8
82.4,58.3,51.1,0.0,29.72,26.62,8.3,6.44,13.8
91.8,63.0,53.2,0.0,29.78,26.76,9.2,8.4,16.1
55.8,37.4,41.2,0.5,29.81,26.59,7.7,4.26,13.8
75.9,47.1,42.1,0.0,29.93,26.82,9.4,4.95,17.2
77.0,51.8,44.4,0.0,29.9,26.81,8.6,7.02,21.8
62.6,30.2,35.2,0.0,30.06,26.82,7.8,1.04,9.21
86.0,57.2,51.6,0.0,29.76,26.72,8.5,5.64,14.9
51.8,32.0,32.7,0.0,29.93,26.7,5.5,1.96,5.87
63.3,22.8,22.0,0.0,29.99,26.75,8.5,7.6,18.3
43.5,19.4,26.5,0.0,29.77,26.47,5.8,7.37,25.3
61.9,26.6,32.6,0.0,30.24,26.97,5.5,0.58,6.9
33.8,19.4,14.7,0.2,30.08,26.75,8.4,13.2,20.8
44.2,33.8,34.6,0.4,30.03,26.77,8.1,8.75,14.9
85.3,53.2,48.9,0.0,29.79,26.73,8.6,5.87,11.3
82.4,50.7,51.5,0.0,29.88,26.79,8.4,7.83,19.4
64.9,27.3,28.8,0.0,30.24,26.97,6.8,0.69,6.9
72.3,38.8,42.8,0.0,29.77,26.62,8.1,6.79,13.8
45.3,32.7,27.1,0.7,29.76,26.52,8.2,7.37,17.2
30.2,13.6,15.4,0.0,30.16,26.86,8.7,2.88,6.9
76.3,46.4,42.4,0.0,29.99,26.86,8.4,9.32,17.2
55.4,48.2,43.9,0.3,29.99,26.8,8.6,2.07,6.9
35.6,24.1,25.8,0.0,30.2,26.88,3.1,1.15,5.87
44.6,35.6,33.0,0.0,29.84,26.62,7.4,5.98,17.2
48.4,28.4,32.0,0.5,29.69,26.52,8.1,6.67,17.2
75.2,46.4,49.5,0.2,29.94,26.82,8.7,2.76,9.21
91.0,58.1,48.8,0.0,29.85,26.74,8.7,7.6,13.8
68.4,37.4,35.1,0.0,29.94,26.8,8.7,5.87,13.8
41.4,24.1,26.3,0.0,30.09,26.78,5.9,0.81,4.72
34.2,26.6,29.6,0.0,29.96,26.7,1.9,0.0,3.34
74.1,30.7,43.2,0.0,30.05,26.89,8.3,2.76,11.3
47.5,30.2,27.0,0.2,30.01,26.76,8.5,9.67,16.1
82.4,41.7,39.0,0.0,30.12,26.94,8.4,8.4,13.8
82.2,44.6,42.1,0.0,29.91,26.79,8.9,4.26,10.2
60.1,37.4,38.2,0.0,30.16,26.95,8.3,10.5,21.8
49.5,10.0,16.2,0.0,30.31,26.99,8.0,2.07,5.87
84.9,61.5,47.5,0.0,29.76,26.75,8.7,8.29,18.3
50.7,26.6,30.7,0.05,30.0,26.75,6.9,6.33,14.9
80.2,50.4,48.1,0.0,29.86,26.77,9.3,4.03,11.3
50.0,25.2,29.3,0.0,30.03,26.74,6.7,5.52,13.8
64.8,38.1,41.4,0.05,29.99,26.79,7.6,4.49,14.9
53.1,21.2,22.3,0.0,30.06,26.8,8.1,2.19,9.21
36.9,14.0,12.6,0.0,30.5,27.08,8.2,1.15,5.87
38.1,17.2,19.0,0.0,30.27,26.95,5.8,2.53,12.7
73.4,50.0,41.0,0.0,29.73,26.65,8.6,8.17,14.9
55.4,23.0,29.0,0.0,30.08,26.83,7.2,3.57,13.8
27.3,22.6,18.9,0.0,30.4,27.07,7.6,8.75,12.7
32.0,17.4,22.9,0.0,30.17,26.77,1.8,3.57,11.3
91.4,56.5,47.7,0.0,29.72,26.69,8.5,4.6,9.21
90.3,52.2,38.5,0.0,29.91,26.86,8.3,6.9,14.9
77.0,48.2,44.5,0.0,29.88,26.74,8.7,6.21,14.9
85.3,51.8,49.0,0.0,29.66,26.61,8.7,4.95,13.8
82.0,52.2,52.7,0.0,29.89,26.81,7.9,6.21,20.8
38.5,17.6,18.6,0.0,30.23,26.94,8.4,9.67,21.8
72.5,39.9,29.2,0.0,30.08,26.9,8.5,5.98,13.8
86.4,52.9,39.6,0.0,30.04,26.9,8.0,7.37,12.7
64.9,29.5,37.5,0.0,30.0,26.77,5.3,6.9,19.4
66.9,29.8,28.2,0.0,30.24,27.01,8.2,1.73,9.21
33.3,6.8,13.5,0.0,30.48,27.02,5.7,2.42,9.21
62.6,42.8,40.2,0.0,29.94,26.8,8.9,9.9,16.1
52.3,30.9,36.2,0.0,30.05,26.82,8.0,5.64,13.8
78.1,30.7,43.4,0.0,29.82,26.71,8.7,5.75,14.9
46.4,26.6,28.8,0.0,30.06,26.8,8.1,5.64,14.9
74.5,50.0,42.1,0.0,30.01,26.89,8.7,8.17,17.2
49.3,28.4,30.5,0.0,30.1,26.82,7.0,1.73,8.06
49.5,23.0,20.8,0.0,30.24,26.93,8.2,7.94,47.1
77.0,45.0,45.2,0.0,29.99,26.87,8.6,4.03,9.21
66.2,36.0,41.6,0.0,30.14,26.93,8.5,2.3,10.2
81.0,46.4,45.7,0.0,29.9,26.8,8.8,5.29,12.7
40.1,21.2,25.6,0.0,30.3,27.0,4.9,2.99,10.2
23.7,-4.0,-3.1,0.0,30.46,26.93,7.2,2.42,8.06
77.7,44.2,38.0,0.0,30.04,26.88,8.5,1.5,5.87
64.4,41.0,42.9,0.2,29.61,26.48,8.2,7.14,17.2
69.8,57.2,56.0,1.3,29.68,26.6,7.6,3.57,18.3
83.1,49.3,43.7,0.0,29.93,26.8,8.0,5.41,14.9
44.6,33.1,32.5,0.0,29.64,26.43,5.7,6.9,18.3
88.5,64.4,51.0,0.0,29.7,26.7,8.6,7.14,14.9
61.9,39.2,39.0,0.0,29.82,26.63,8.1,4.49,11.3
73.4,46.4,48.6,0.0,29.72,26.63,8.9,10.7,19.4
87.8,57.2,47.3,0.0,29.88,26.82,8.4,4.6,13.8
96.8,50.7,43.2,0.0,29.73,26.7,8.5,5.64,14.9
42.8,39.2,35.9,0.1,29.89,26.68,8.0,13.1,18.3
66.6,30.0,47.7,0.0,29.85,26.69,7.8,7.02,12.7
32.7,13.8,17.4,0.0,30.34,26.94,8.9,6.33,11.3
30.9,6.8,17.1,0.5,30.02,26.75,7.1,9.21,16.1
41.0,28.9,31.9,0.0,30.01,26.75,5.3,2.99,8.06
29.5,27.3,26.5,0.0,30.4,27.09,2.4,0.81,4.72
52.9,17.6,23.8,0.0,30.2,26.94,7.9,1.27,13.31
63.5,30.2,29.5,0.0,30.07,26.85,9.0,5.87,19.4
48.9,17.1,16.7,0.0,30.41,27.03,8.7,1.04,4.72
60.8,39.2,38.4,0.0,29.78,26.6,8.4,7.02,19.4
90.0,56.1,48.7,0.0,29.76,26.73,8.5,5.29,13.8
75.2,51.8,53.0,0.0,29.85,26.76,7.7,4.95,11.3
82.4,49.6,48.9,0.0,29.83,26.75,8.3,3.68,9.21
42.8,30.2,28.0,0.7,30.09,26.8,6.4,6.67,14.9
50.4,20.1,30.6,0.0,29.95,26.67,5.5,8.86,23.0
73.4,45.7,42.6,0.0,30.0,26.85,8.6,6.1,16.1
48.9,31.6,35.9,0.1,30.04,26.78,5.6,4.83,13.8
31.3,27.5,23.4,0.2,29.92,26.62,8.4,16.4,21.8
77.0,34.5,35.1,0.0,30.06,26.89,8.2,2.3,10.2
39.7,24.1,25.1,0.0,29.99,26.64,5.4,3.34,11.3
77.0,32.7,42.9,0.0,30.02,26.88,8.0,2.19,6.9
80.6,51.8,49.5,0.0,29.98,26.88,8.7,3.11,11.3
59.5,28.4,28.8,0.0,30.14,26.88,6.9,1.84,10.2
55.8,25.9,35.1,0.0,29.95,26.69,6.2,5.29,14.9
56.8,32.7,37.2,0.0,29.91,26.71,6.4,4.49,11.3
56.5,28.4,35.7,0.0,30.19,26.92,5.5,1.73,9.21
84.6,60.1,52.2,0.0,29.82,26.71,8.5,10.0,17.2
97.2,57.2,45.1,0.0,29.81,26.7,8.4,6.9,18.3
85.3,56.7,48.7,0.0,29.84,26.77,8.6,6.21,11.3
47.8,19.0,26.3,0.0,30.12,26.78,7.7,1.5,5.87
39.2,22.3,25.6,0.0,30.13,26.84,5.1,2.3,6.9
29.8,15.8,16.9,0.0,30.49,27.04,1.2,0.35,3.34
32.0,9.0,11.0,0.0,30.42,26.98,7.9,3.22,10.2
52.5,40.6,36.1,0.3,29.96,26.75,8.5,7.02,13.8
83.5,53.6,55.1,0.1,29.67,26.62,8.7,5.29,18.3
33.8,21.2,18.6,0.3,29.78,26.46,8.2,8.29,19.4
46.0,35.6,36.5,0.1,30.0,26.76,7.0,4.03,10.2
68.0,33.8,37.8,0.1,29.85,26.67,5.8,2.53,11.3
51.8,28.4,32.6,0.0,30.0,26.84,7.8,7.14,14.9
81.3,54.3,51.2,0.0,29.86,26.78,9.0,4.49,11.3
50.0,30.6,34.3,0.0,29.91,26.65,6.4,1.84,9.21
80.6,46.4,42.6,0.0,30.09,26.93,8.6,5.41,14.9
73.4,52.9,54.2,0.5,29.77,26.67,8.7,3.34,18.3
83.5,57.2,42.2,0.0,29.64,26.54,8.4,8.4,19.4
57.2,40.1,36.4,0.0,29.98,26.76,8.6,4.72,9.21
59.0,50.0,46.1,0.0,30.04,26.86,8.6,9.78,12.7
34.2,15.8,18.3,0.05,30.0,26.71,8.2,3.57,10.2
87.1,58.6,50.2,0.05,29.77,26.72,8.8,3.91,8.06
87.1,48.4,43.8,0.0,29.81,26.7,8.8,5.64,12.7
62.6,30.9,45.9,0.3,29.75,26.59,8.6,8.17,14.9
75.6,41.4,37.1,0.0,30.0,26.83,8.5,3.22,11.3
61.3,29.8,37.1,0.0,30.04,26.84,6.4,2.99,11.3
60.8,29.5,33.7,0.0,30.27,27.02,7.8,1.27,4.72
39.2,32.0,32.9,0.2,29.85,26.59,8.0,8.4,14.9
67.6,31.8,34.4,0.0,30.07,26.87,8.4,2.99,8.06
61.2,33.8,29.1,0.0,29.91,26.69,10.6,5.29,13.8
69.1,35.6,32.5,0.0,30.0,26.83,8.9,3.45,11.3
81.7,39.9,42.0,0.05,29.9,26.77,8.7,5.75,13.8
48.9,35.6,37.6,0.05,29.71,26.5,5.2,2.99,10.2
44.6,29.8,25.6,0.1,29.86,26.6,8.4,9.9,19.4
68.7,30.9,49.0,0.0,29.62,26.52,8.3,7.02,17.2
61.5,19.2,23.6,0.0,30.24,26.93,7.1,2.42,9.21
39.2,28.4,26.8,0.0,30.3,26.97,9.0,7.25,13.8
52.5,34.9,35.4,0.3,29.99,26.76,6.7,5.18,14.9
37.8,28.4,22.8,0.0,30.26,26.93,9.3,5.52,10.2
42.8,22.3,24.1,0.0,30.04,26.78,8.4,6.1,14.9
38.5,15.8,16.3,0.1,29.94,26.59,6.9,8.4,12.7
81.5,58.3,49.6,0.0,29.8,26.74,8.4,12.7,20.8
56.1,29.5,32.2,0.0,30.34,27.05,8.5,3.57,13.8
86.4,51.8,51.4,0.0,29.57,26.53,8.3,4.37,10.2
72.3,47.1,43.8,0.0,29.8,26.7,8.7,6.67,14.9
81.3,50.7,53.1,0.5,29.84,26.76,8.1,2.3,12.7
48.2,33.8,30.7,0.0,29.91,26.65,7.7,7.14,17.2
42.4,24.4,23.9,0.0,30.3,26.96,8.7,5.18,11.3
40.1,20.5,22.8,0.0,30.19,26.84,6.5,1.27,6.9
26.6,16.5,22.6,0.0,30.43,27.02,3.1,3.22,6.9
58.6,36.5,38.3,0.05,29.93,26.74,8.5,6.9,17.2
82.4,55.4,47.6,0.0,29.8,26.74,8.6,6.56,13.8
55.4,42.8,37.1,0.1,29.73,26.57,8.4,10.0,23.0
82.4,49.6,46.2,0.0,29.8,26.72,8.5,8.75,16.1
48.7,39.9,37.7,0.0,30.25,26.98,8.8,6.56,13.8
87.8,60.8,53.7,0.0,29.66,26.65,8.7,4.14,13.8
36.1,13.3,17.6,0.0,30.45,27.03,6.0,0.23,3.34
39.7,30.6,27.9,0.0,30.17,26.84,9.6,11.6,19.4
59.7,32.7,33.1,0.0,29.96,26.75,8.8,5.18,16.1
46.9,15.8,20.2,0.0,30.26,26.96,7.2,2.07,9.21
51.1,30.6,39.8,0.0,30.01,26.75,4.3,2.76,8.06
77.7,51.4,48.4,0.05,29.78,26.69,8.9,6.79,23.0
64.4,38.7,36.6,0.0,30.2,26.99,8.6,8.4,16.1
66.9,44.6,46.3,0.0,29.72,26.57,8.9,5.52,12.7
89.6,53.6,46.9,0.0,29.85,26.74,8.5,4.49,10.2
58.6,41.0,37.7,0.0,29.86,26.69,8.7,10.4,19.4
48.9,26.6,30.5,0.0,30.14,26.89,7.0,4.6,14.9
77.0,43.7,50.1,0.0,29.94,26.8,8.2,4.72,13.8
48.2,30.2,27.4,0.0,29.87,26.65,8.4,5.18,10.2
89.6,51.8,46.2,0.0,29.75,26.71,8.4,2.99,9.21
61.5,35.6,36.6,0.0,29.9,26.71,8.7,6.1,11.3
95.4,59.4,48.4,0.0,29.66,26.68,8.5,3.11,9.21
44.2,36.3,35.8,0.05,29.61,26.42,8.1,4.83,11.3
59.0,21.2,25.9,0.0,30.1,26.84,7.1,2.76,9.21
71.6,51.8,50.6,0.0,29.94,26.8,8.4,10.5,17.2
30.2,24.8,26.9,0.0,30.16,26.87,0.2,0.58,5.87
91.8,52.9,50.0,0.0,29.88,26.76,8.8,6.56,13.8
76.3,54.7,41.8,0.0,29.75,26.62,9.0,6.56,14.9
35.6,28.4,28.3,0.0,29.86,26.62,6.7,9.78,13.8
84.9,50.0,44.0,0.0,29.8,26.66,8.6,5.06,14.9
49.5,41.0,36.2,0.0,30.09,26.85,8.4,7.48,12.7
36.5,22.6,25.5,0.0,30.27,26.96,2.8,4.14,10.2
64.4,30.6,41.6,0.1,29.96,26.78,6.2,2.99,10.2
75.6,39.9,36.1,0.0,30.1,26.94,8.1,1.27,4.72
63.1,41.0,38.5,0.0,30.09,26.92,8.5,11.3,18.3
47.8,32.0,32.0,0.0,30.38,27.11,8.8,11.7,18.3
54.0,25.5,27.6,0.0,29.88,26.62,8.8,3.22,10.2
59.0,21.6,27.1,0.0,30.51,27.17,8.2,1.27,6.9
59.4,42.1,37.9,0.0,30.14,26.94,8.8,8.06,17.2
75.9,53.6,51.0,0.0,29.78,26.69,8.8,14.0,19.4
42.1,14.7,18.8,0.0,30.26,26.96,6.4,2.3,10.2
39.6,30.2,27.0,0.1,30.05,26.76,7.4,13.1,19.4
55.8,25.9,31.6,0.0,30.27,27.01,6.7,2.07,10.2
61.2,42.1,35.8,0.05,29.94,26.75,9.2,6.9,11.3
71.6,55.4,45.9,0.0,29.91,26.82,8.7,11.5,21.8
70.3,41.4,43.8,0.1,29.75,26.59,8.6,6.21,13.8
43.5,30.6,30.9,0.0,30.31,26.99,7.0,7.14,13.8
43.3,23.0,22.3,0.0,29.93,26.71,8.9,8.06,13.8
50.4,32.7,32.1,0.0,30.01,26.75,8.7,5.41,13.8
53.6,39.2,39.2,0.1,30.09,26.86,8.8,2.3,6.9
55.9,27.3,28.1,0.0,29.9,26.7,8.3,5.98,20.8
36.3,19.4,17.1,0.0,30.13,26.84,8.0,8.75,16.1
86.0,53.2,43.6,0.0,29.85,26.73,8.5,3.68,11.3
87.8,55.4,49.2,0.0,29.46,26.45,8.6,5.29,12.7
47.5,29.5,29.9,0.0,29.78,26.54,7.4,10.7,23.0
71.2,33.8,34.6,0.0,30.09,26.9,8.3,4.49,14.9
72.0,38.5,40.2,0.0,29.94,26.77,8.5,3.45,11.3
46.4,26.6,30.0,0.0,30.25,26.91,2.6,1.15,8.06
43.2,32.0,34.1,0.3,29.72,26.51,7.1,4.95,13.8
78.8,51.8,51.8,0.3,29.99,26.89,8.2,11.0,32.2
52.2,29.8,32.7,0.0,30.06,26.8,6.1,3.57,11.3
83.1,57.2,45.2,0.0,29.87,26.75,8.5,10.9,17.2
43.2,33.8,35.6,0.2,29.83,26.6,6.8,8.63,13.8
43.7,32.0,32.9,0.3,29.85,26.6,7.5,5.41,9.21
41.0,25.9,25.8,0.0,30.06,26.74,8.5,4.83,10.2
69.8,37.8,33.7,0.0,30.04,26.84,8.7,2.19,9.21
86.7,55.4,50.2,0.0,29.8,26.75,8.9,6.33,11.3
47.3,26.6,30.3,0.0,30.14,26.84,6.2,5.06,12.7
34.3,23.0,24.6,0.1,29.76,26.47,7.2,4.14,11.3
41.0,32.0,35.7,0.05,29.73,26.51,5.9,4.49,13.8
47.1,33.8,33.9,0.0,29.87,26.62,6.3,3.45,11.3
71.2,34.2,37.1,0.0,30.17,26.97,8.3,1.38,8.06
48.2,38.1,38.2,0.0,30.18,26.93,7.3,7.14,12.7
51.8,19.2,25.2,0.0,30.29,26.96,4.8,0.0,13.31
89.6,55.4,45.3,0.0,29.6,26.59,8.5,5.18,13.8
55.0,24.1,26.8,0.0,29.94,26.66,7.1,6.67,17.2
74.1,58.3,54.1,0.6,29.76,26.67,9.0,9.78,13.8
42.8,28.4,28.5,0.1,30.01,26.76,7.9,10.2,18.3
68.7,34.9,35.4,0.0,29.99,26.79,7.9,1.96,10.2
41.7,28.4,33.3,0.0,30.25,26.92,0.8,1.04,17.2
34.5,17.6,19.4,0.0,30.15,26.81,6.7,2.99,10.2
50.7,29.7,27.0,0.0,30.24,26.99,8.5,7.37,17.2
68.7,31.5,31.2,0.0,30.04,26.84,7.9,2.76,11.3
88.2,53.2,45.4,0.0,29.74,26.69,8.6,3.68,8.06
42.4,22.3,26.2,0.0,30.31,26.95,4.5,0.92,8.06
89.6,49.6,42.7,0.0,29.85,26.8,8.2,4.26,13.31
59.0,30.7,36.9,0.8,29.96,26.72,7.8,4.14,10.2
63.3,33.8,37.9,0.0,30.12,26.91,8.7,6.67,13.8
56.8,41.0,41.4,0.0,30.19,26.98,8.9,2.65,8.06
65.1,48.2,48.3,0.2,29.86,26.72,8.5,5.52,11.3
93.2,60.3,48.0,0.0,29.56,26.57,8.5,5.52,13.8
39.9,32.0,31.9,0.3,29.92,26.69,6.0,5.41,12.7
63.7,45.3,44.0,0.2,29.84,26.67,8.5,8.29,12.7
62.6,30.2,30.4,0.1,30.04,26.8,10.0,8.29,19.4
48.2,24.8,28.4,0.0,30.23,26.97,7.3,3.68,9.21
60.1,29.8,36.5,0.0,29.88,26.67,7.8,5.18,12.7
84.2,49.1,36.0,0.0,29.96,26.83,8.2,5.87,14.9
50.0,42.8,43.3,0.1,29.95,26.73,8.3,7.6,12.7
42.8,30.2,28.5,0.0,29.93,26.65,8.8,2.99,8.06
41.4,22.3,17.2,0.0,30.13,26.78,8.0,6.56,12.7
33.6,10.9,11.3,0.0,29.98,26.6,7.8,4.26,17.2
54.5,29.5,35.7,0.0,29.92,26.68,6.5,1.96,6.9
43.2,32.0,32.5,0.0,29.73,26.52,6.2,7.83,14.9
48.6,37.0,38.6,0.0,29.75,26.52,8.7,7.25,12.7
48.2,28.4,34.3,0.0,30.2,26.89,4.7,4.14,11.3
64.4,23.0,21.5,0.1,29.86,26.65,8.3,4.6,13.8
93.9,50.0,41.0,0.0,29.76,26.64,8.5,2.65,9.21
46.4,27.9,26.2,0.0,30.25,26.93,8.2,9.78,14.9
34.5,22.6,25.4,0.2,30.35,27.03,1.8,0.46,4.72
73.9,51.8,49.2,0.0,30.0,26.89,8.8,8.98,19.4
51.4,24.4,31.6,0.0,30.28,26.96,4.9,4.49,12.7
73.4,44.1,45.6,0.0,29.96,26.79,8.9,2.88,8.06
77.4,44.6,46.9,0.0,30.09,26.91,8.5,2.88,9.21
39.9,24.1,24.8,0.05,29.94,26.69,8.0,9.55,14.9
47.5,29.8,32.3,0.0,30.25,26.98,5.8,3.11,10.2
42.1,20.7,24.8,0.0,30.22,26.93,6.6,0.92,8.06
28.4,6.8,10.5,0.2,30.27,26.93,8.4,6.1,12.7
86.7,51.8,46.4,0.0,29.87,26.74,8.6,3.34,11.3
36.7,27.3,27.5,0.0,30.32,26.97,4.4,1.61,8.06
41.0,21.2,23.2,0.0,30.21,26.85,7.9,5.87,13.8
72.3,37.4,43.0,0.0,30.09,26.9,8.4,3.91,11.3
38.1,28.0,27.7,0.0,30.3,26.96,3.1,0.81,4.72
54.3,22.5,29.5,0.0,30.33,27.04,3.5,0.69,5.87
56.3,32.7,38.1,0.0,30.06,26.82,4.5,2.76,8.06
54.0,44.6,38.3,0.7,29.93,26.74,9.3,9.9,20.8
48.9,25.9,27.4,0.0,30.01,26.73,7.6,8.4,17.2
37.9,24.8,22.9,0.0,30.12,26.78,6.9,4.83,11.3
56.1,30.2,37.0,0.0,30.06,26.79,5.2,3.34,10.2
48.6,26.6,30.0,0.05,30.03,26.77,5.3,2.99,8.06
44.6,20.7,24.4,0.0,30.19,26.91,5.7,2.53,12.7
70.5,37.8,40.2,0.0,29.91,26.74,8.7,4.37,12.7
38.1,20.5,14.1,0.0,30.22,26.87,8.9,4.14,13.31
41.4,16.5,17.2,0.0,30.39,26.98,6.8,4.83,13.8
58.6,35.6,39.3,0.1,29.71,26.53,7.9,12.8,26.3
67.3,53.4,49.3,0.3,29.53,26.46,8.6,6.33,18.3
74.1,30.7,41.3,0.0,29.98,26.82,7.5,5.75,16.1
71.6,41.0,39.2,0.0,29.98,26.83,7.0,7.48,19.4
55.0,44.4,42.5,0.0,29.86,26.67,7.7,7.6,13.8
51.8,24.8,29.0,0.0,30.24,26.93,7.1,2.76,13.31
65.1,51.1,50.0,0.1,29.87,26.73,8.2,4.14,16.1
64.2,37.4,38.7,0.3,29.97,26.78,8.8,4.14,9.21
88.3,59.0,47.4,0.0,29.77,26.73,8.4,7.25,13.8
78.8,55.0,44.3,0.0,29.82,26.73,8.7,10.3,13.8
45.3,19.2,24.6,0.0,30.09,26.8,6.2,0.81,6.9
61.9,29.1,36.4,0.05,30.14,26.91,7.2,4.95,17.2
85.6,57.9,49.1,0.0,29.91,26.84,8.7,7.48,11.3
66.6,32.0,38.7,0.0,30.22,27.0,5.7,1.5,8.06
91.4,64.0,48.9,0.0,29.68,26.68,8.7,7.6,12.7
88.3,59.7,49.5,0.0,29.86,26.74,8.3,8.98,14.9
51.4,46.0,42.6,0.3,30.0,26.79,7.7,11.5,16.1
41.7,30.2,32.8,0.2,30.15,26.9,2.2,1.84,9.21
83.1,47.5,43.4,0.0,29.92,26.78,9.0,3.22,17.2
75.2,42.1,42.0,0.0,29.98,26.83,8.4,5.41,11.3
86.4,51.6,35.7,0.0,30.07,26.92,8.2,4.14,13.8
81.3,40.3,41.1,0.0,29.96,26.8,8.8,4.26,13.8
48.4,29.7,32.6,0.3,30.02,26.78,8.4,6.9,13.8
39.2,16.9,22.6,0.0,30.21,26.85,4.8,0.12,3.34
93.6,65.5,52.2,0.0,29.63,26.63,8.6,7.94,13.8
83.1,58.1,50.1,0.0,29.75,26.71,8.3,8.86,20.8
60.8,42.8,43.0,0.0,29.94,26.74,8.2,4.95,16.1
64.0,46.4,44.1,0.0,29.97,26.8,8.2,2.65,9.21
61.5,39.2,36.5,0.0,29.99,26.81,8.7,6.67,11.3
81.3,39.2,40.4,0.0,30.0,26.84,8.3,2.42,9.21
84.6,54.0,42.6,0.0,29.82,26.7,8.5,5.06,10.2
70.9,45.7,44.5,0.0,29.94,26.78,8.9,4.14,9.21
84.2,46.4,37.8,0.0,30.01,26.86,8.3,2.19,8.06
30.2,15.8,15.0,0.0,30.33,27.01,8.7,5.98,10.2
83.3,54.7,44.5,0.0,29.89,26.83,8.6,7.14,16.1
79.9,44.1,45.8,0.0,29.96,26.84,8.5,5.64,16.1
79.2,41.4,34.6,0.0,30.04,26.88,8.3,2.53,9.21
41.5,12.2,20.8,0.0,30.1,26.73,6.7,2.76,12.7
42.8,22.6,27.5,0.0,30.12,26.84,6.5,6.21,14.9
59.4,22.6,25.7,0.0,29.89,26.67,7.1,3.57,13.8
68.0,32.0,31.1,0.05,29.92,26.74,8.3,7.14,18.3
37.4,15.8,19.3,0.0,30.38,27.0,4.9,1.84,8.06
82.0,59.0,54.9,0.05,29.68,26.62,8.1,8.06,28.8
52.5,36.0,35.5,0.6,29.86,26.64,7.7,4.14,13.8
59.7,46.4,46.0,0.3,29.72,26.55,7.8,5.64,17.2
53.6,33.4,33.3,0.0,30.01,26.78,8.7,4.83,11.3
61.2,28.4,31.6,0.0,30.03,26.8,7.5,3.91,12.7
78.8,53.8,48.6,0.0,30.04,26.93,8.6,8.86,13.8
72.7,47.5,49.0,0.0,29.84,26.73,8.5,2.88,13.8
67.1,37.8,36.9,0.0,30.03,26.86,8.5,3.91,8.06
80.6,47.8,45.3,0.0,29.84,26.74,8.8,4.6,9.21
45.1,33.8,32.8,0.1,30.01,26.77,8.4,7.37,11.3
71.6,55.4,52.2,0.2,29.84,26.73,7.7,4.83,13.8
51.3,31.3,38.9,0.1,29.88,26.64,8.5,9.44,19.4
42.8,32.0,33.7,0.2,29.99,26.72,7.4,2.65,10.2
87.8,60.8,49.9,0.0,29.71,26.61,8.6,8.29,19.4
72.3,37.0,36.9,0.0,29.98,26.79,8.6,3.91,12.7
74.1,33.8,37.3,0.1,30.16,26.95,8.3,2.99,9.21
84.6,55.2,48.6,0.0,29.78,26.73,8.2,6.9,12.7
91.9,51.8,46.2,0.0,29.7,26.67,8.5,4.6,19.4
54.1,30.7,39.4,0.1,29.87,26.67,8.5,7.37,13.8
42.4,21.2,20.7,0.0,30.18,26.9,8.7,9.67,25.3
37.4,24.8,25.3,0.0,30.01,26.69,8.5,10.9,16.1
50.4,29.1,27.0,0.0,30.44,27.11,8.3,12.6,17.2
78.1,39.0,38.6,0.0,29.94,26.79,8.9,2.88,12.7
73.4,45.3,38.7,0.0,29.74,26.62,8.7,4.83,12.7
39.2,29.3,32.1,0.0,30.13,26.82,2.9,3.57,8.06
51.1,28.4,32.4,0.0,30.29,27.01,8.6,4.03,11.3
50.7,28.9,38.4,0.8,29.73,26.54,7.0,8.06,19.4
59.7,28.4,34.2,0.0,30.14,26.86,5.1,2.42,9.21
52.2,31.1,40.4,0.1,30.09,26.83,5.4,1.04,5.87
52.3,38.1,33.7,0.0,29.72,26.46,8.5,9.67,17.2
43.9,35.6,36.8,0.1,29.69,26.49,5.7,5.18,13.8
86.7,47.8,43.1,0.0,29.81,26.74,8.5,4.6,12.7
23.7,2.7,11.5,0.0,30.42,27.04,4.5,1.84,6.9
44.6,38.3,34.9,0.0,29.88,26.65,9.3,7.71,33.2
50.0,27.3,31.5,0.0,30.15,26.88,8.1,2.07,9.21
57.2,19.4,22.9,0.0,30.06,26.77,8.4,5.29,12.7
77.4,60.8,49.9,0.0,29.74,26.68,8.7,8.86,16.1
86.0,45.3,48.8,0.0,29.94,26.79,8.1,1.96,6.9
61.2,35.6,33.5,0.0,29.99,26.79,8.1,4.26,9.21
60.8,36.3,39.5,0.3,30.16,26.94,5.8,1.5,8.06
75.6,44.6,43.9,0.0,29.91,26.79,8.5,2.88,9.21
50.5,21.2,28.2,0.0,30.12,26.85,5.8,3.34,11.3
41.9,15.1,18.9,0.0,30.48,27.06,4.6,2.53,10.2
51.8,23.0,18.1,0.0,30.13,26.86,8.0,3.22,11.3
46.9,31.1,28.9,0.0,30.01,26.77,8.4,10.0,17.2
88.2,51.4,44.3,0.0,29.88,26.76,8.4,4.72,37.9
75.6,48.2,46.8,0.0,29.84,26.73,8.7,5.52,16.1
41.5,28.4,31.6,0.1,30.16,26.89,1.7,2.3,6.9
78.8,48.7,49.5,0.0,29.88,26.78,8.8,5.87,19.4
91.4,57.6,39.9,0.0,29.81,26.71,8.6,8.98,17.2
71.6,44.6,41.6,0.0,29.71,26.63,8.5,5.98,14.9
39.9,31.6,31.9,0.0,29.74,26.52,5.2,3.34,10.2
82.4,43.9,39.4,0.0,29.78,26.7,8.1,11.0,26.3
43.7,37.0,33.6,0.0,30.06,26.78,6.6,5.98,12.7
77.0,52.5,50.8,0.1,29.78,26.69,8.5,5.52,17.2
90.3,52.9,42.2,0.0,29.87,26.82,8.2,2.3,6.9
58.3,32.0,31.4,0.0,30.01,26.79,7.2,7.48,14.9
48.2,35.6,35.5,0.05,29.97,26.76,8.2,7.6,16.1
39.2,14.7,18.9,0.0,30.24,26.84,7.8,5.06,10.2
30.2,11.1,13.8,0.0,30.33,26.98,6.6,3.8,8.06
60.3,36.3,39.7,0.0,30.05,26.83,6.7,1.61,8.06
78.1,46.0,42.4,0.0,30.03,26.87,8.4,3.34,8.06
46.8,15.4,17.4,0.0,30.32,26.94,4.9,1.5,8.06
57.2,48.2,43.1,0.0,29.78,26.63,7.9,17.4,25.3
70.7,50.0,53.5,0.2,29.79,26.68,8.6,3.57,12.7
61.3,49.8,50.5,0.0,29.95,26.76,7.5,3.68,11.3
66.9,46.4,46.1,0.2,29.73,26.62,9.0,6.56,40.2
51.8,42.4,39.3,0.6,29.88,26.69,7.6,6.21,14.9
72.3,51.8,49.1,0.1,29.84,26.75,8.7,6.9,13.8
64.4,39.2,36.5,0.0,30.21,26.99,8.7,7.25,16.1
34.2,26.4,23.9,0.0,29.87,26.62,8.2,8.75,14.9
63.0,26.1,31.8,0.0,30.19,26.91,6.8,0.69,5.87
52.2,30.7,42.9,0.2,29.82,26.63,7.6,3.45,10.2
75.2,53.6,47.4,0.0,29.59,26.54,8.6,8.75,16.1
36.5,19.4,17.1,0.0,30.54,27.14,7.6,2.53,10.2
79.3,44.6,46.7,0.0,30.06,26.93,8.4,3.22,10.2
42.1,32.0,27.5,0.1,30.04,26.8,8.8,4.37,23.0
87.1,53.6,50.7,0.0,29.7,26.64,8.6,2.88,10.2
48.2,36.1,38.0,0.2,29.68,26.46,4.0,3.11,11.3
46.9,27.7,21.2,0.0,30.05,26.76,8.7,4.83,12.7
56.1,17.6,23.1,0.0,30.23,26.94,7.0,3.45,9.21
35.6,23.0,25.3,0.2,29.9,26.65,7.5,8.98,16.1
48.2,39.2,36.6,0.1,29.91,26.72,7.7,9.09,17.2
39.2,24.4,22.9,0.3,29.96,26.67,7.2,9.9,18.3
36.3,7.2,14.3,0.0,30.46,27.03,6.4,0.81,4.72
39.2,-0.8,12.2,0.0,30.56,27.18,3.7,0.46,4.72
83.5,48.2,40.4,0.0,29.84,26.71,8.6,8.86,18.3
84.7,46.6,52.0,0.0,29.88,26.79,8.5,3.68,10.2
46.9,26.6,29.0,0.0,30.12,26.8,3.8,2.3,14.9
54.0,28.0,29.5,0.0,30.02,26.8,9.6,5.41,16.1
65.5,42.8,40.3,0.0,30.09,26.9,8.6,1.61,5.87
77.7,59.7,45.4,0.05,29.7,26.59,8.7,12.3,23.0
35.6,22.6,25.8,0.0,30.08,26.74,0.5,0.23,4.72
50.0,26.6,34.3,0.0,30.01,26.78,7.8,7.14,13.8
74.7,55.4,55.3,0.1,29.82,26.71,8.3,6.33,13.8
32.0,28.0,28.5,0.0,30.23,26.93,3.1,2.07,6.9
64.0,39.2,39.0,0.1,30.03,26.83,8.8,3.57,10.2
63.7,41.0,36.0,0.05,29.81,26.65,7.9,10.0,18.3
81.3,46.0,47.2,0.0,29.96,26.8,8.6,3.8,10.2
68.5,44.6,42.5,0.0,30.04,26.87,8.4,5.98,13.8
45.0,32.0,31.8,0.0,30.13,26.82,4.7,2.53,9.21
81.3,47.8,52.7,0.0,29.98,26.79,7.3,2.65,13.31
68.0,44.6,44.0,0.0,29.97,26.81,8.3,5.29,11.3
79.2,57.6,49.8,0.0,29.73,26.67,8.8,9.9,17.2
44.6,24.8,25.1,0.0,30.07,26.77,9.2,2.99,6.9
85.3,62.6,47.7,0.0,29.92,26.8,8.6,10.7,19.4
29.1,14.0,13.9,0.0,30.3,26.9,8.4,3.91,9.21
69.8,42.4,45.9,0.0,29.93,26.78,9.0,3.22,11.3
78.8,53.6,47.4,0.0,29.76,26.69,8.7,8.86,13.8
60.1,24.8,29.8,0.0,30.26,26.95,4.3,0.81,5.87
73.4,30.4,45.4,0.0,29.93,26.78,7.3,4.26,12.7
50.7,23.0,27.0,0.0,30.05,26.76,5.3,2.19,10.2
33.4,23.0,24.3,0.0,30.41,27.02,4.8,5.75,11.3
43.5,16.3,19.5,0.0,30.29,26.93,8.0,2.99,10.2
72.3,44.4,48.5,0.0,29.99,26.84,8.8,2.19,9.21
54.7,32.0,38.4,0.0,30.02,26.77,6.7,3.34,12.7
67.8,33.3,34.6,0.0,30.12,26.89,8.3,2.65,6.9
41.0,29.5,27.6,0.0,30.14,26.83,5.0,1.61,5.87
60.8,37.8,38.7,0.0,29.94,26.74,10.0,5.06,17.2
50.0,33.8,36.5,0.2,29.73,26.51,8.1,4.6,10.2
73.8,42.8,43.8,0.1,29.81,26.66,8.5,4.95,11.3
44.6,29.8,30.7,0.1,30.0,26.72,8.3,6.21,11.3
83.1,61.2,42.4,0.0,29.55,26.47,8.7,11.9,24.1
72.5,46.0,36.6,0.0,30.16,26.99,8.5,9.9,14.9
66.9,28.8,25.5,0.0,29.88,26.69,8.1,1.73,8.06
51.1,19.6,21.8,0.0,30.42,27.07,8.8,1.15,4.72
57.7,24.8,34.4,0.0,30.01,26.73,5.4,1.84,8.06
83.5,53.6,46.9,0.0,29.98,26.78,6.9,6.79,13.8
71.6,40.1,42.6,0.05,29.7,26.54,7.8,3.11,9.21
66.2,43.9,43.5,0.0,29.97,26.8,8.6,5.18,11.3
68.0,38.1,32.1,0.0,29.93,26.76,8.5,2.76,8.06
72.0,46.4,44.7,0.1,29.82,26.7,9.0,4.49,9.21
50.0,33.8,35.8,0.05,30.12,26.89,7.7,1.38,10.2
77.0,53.6,53.3,0.1,29.73,26.66,9.4,6.21,17.2
45.7,28.0,25.0,0.2,30.2,26.93,8.6,5.18,12.7
88.5,55.4,57.6,0.0,29.75,26.7,8.7,3.22,9.21
99.0,56.1,44.7,0.0,29.68,26.61,8.6,6.21,14.9
52.9,37.0,34.7,0.05,29.86,26.68,8.7,8.98,20.8
52.5,32.0,31.3,0.0,29.72,26.49,7.2,4.49,11.3
89.6,51.8,42.8,0.0,29.8,26.69,8.8,6.9,17.2
36.3,13.5,14.3,0.0,29.94,26.65,8.2,1.61,5.87
36.0,23.0,23.0,0.0,30.32,26.98,8.5,4.37,12.7
55.4,36.7,36.0,0.0,30.12,26.89,6.4,4.6,11.3
65.8,50.0,48.5,0.2,29.74,26.63,8.5,6.1,16.1
57.9,37.4,41.4,0.0,29.9,26.67,6.3,5.06,12.7
64.8,29.5,31.6,0.0,30.2,26.97,8.2,5.75,12.7
40.6,24.8,31.8,0.3,29.94,26.69,2.6,1.04,5.87
59.7,36.7,37.8,0.0,30.01,26.81,8.6,2.42,6.9
43.9,13.5,18.1,0.0,30.36,26.97,5.9,2.99,11.3
59.7,42.8,43.1,0.0,29.98,26.79,5.9,2.07,9.21
58.3,35.6,33.0,0.0,29.85,26.67,8.5,8.4,21.8
86.0,47.8,47.9,0.05,29.9,26.8,8.3,5.29,17.2
46.4,24.1,28.2,0.0,30.21,26.88,5.1,0.69,4.72
80.2,45.3,46.2,0.0,30.04,26.88,8.7,3.11,13.8
84.6,57.2,48.8,0.0,29.69,26.67,8.8,6.79,13.8
50.0,24.1,27.6,0.4,30.26,26.97,5.8,0.92,4.72
74.5,48.2,50.8,0.3,29.73,26.64,8.3,4.95,16.1
63.0,25.5,34.2,0.0,30.18,26.94,7.9,4.37,12.7
93.2,50.4,34.0,0.0,29.95,26.82,9.0,2.76,10.2
60.8,39.2,37.7,1.2,29.89,26.69,8.7,2.76,8.06
44.6,27.0,23.7,0.0,30.02,26.76,8.7,12.2,17.2
69.8,41.0,40.9,0.0,29.99,26.82,8.5,4.03,11.3
36.7,21.9,27.1,0.0,29.86,26.53,5.0,7.25,12.7
71.6,50.5,46.7,0.3,29.72,26.61,8.1,6.56,18.3
77.7,49.6,46.0,0.0,30.02,26.86,8.5,4.26,9.21
57.9,28.4,27.3,0.0,29.83,26.62,8.8,7.37,23.0
44.6,28.4,32.1,0.2,30.14,26.85,5.3,2.19,8.06
49.3,22.8,32.0,0.05,29.94,26.7,5.5,6.44,19.4
41.0,33.8,34.8,0.2,30.06,26.77,5.9,5.29,13.8
86.4,50.0,39.0,0.0,29.76,26.64,8.3,3.34,9.21
74.1,41.4,40.1,0.0,29.98,26.85,8.6,3.45,12.7
59.7,21.0,25.6,0.0,30.25,26.94,5.9,2.42,10.2
71.2,38.1,39.0,0.0,29.91,26.74,8.6,3.34,10.2
60.8,32.0,40.1,0.1,29.92,26.7,6.0,7.37,18.3
68.0,38.8,45.2,0.0,29.81,26.65,6.5,5.52,19.4
35.6,21.2,22.4,0.0,30.12,26.78,7.0,4.49,20.8
92.8,64.8,52.3,0.0,29.52,26.52,8.7,6.33,12.7
35.6,23.0,16.7,0.2,29.94,26.63,9.0,11.3,17.2
89.6,52.5,46.1,0.0,29.9,26.78,8.2,8.63,16.1
86.0,48.2,41.9,0.0,29.84,26.75,8.5,4.95,13.8
57.6,24.8,29.5,0.0,30.01,26.77,7.5,6.21,16.1
52.9,36.9,31.3,0.0,29.68,26.49,8.9,11.1,17.2
82.8,41.7,51.0,0.05,29.77,26.66,8.5,8.98,26.3
58.5,43.7,44.5,0.2,30.18,26.96,7.4,5.29,10.2
73.4,40.6,41.5,0.0,29.97,26.8,8.6,1.38,5.87
81.3,54.3,54.2,0.0,29.73,26.66,8.1,4.49,14.9
89.1,54.3,49.1,0.0,29.93,26.79,8.6,6.44,14.9
62.6,29.7,33.6,0.0,29.76,26.57,9.1,6.33,17.2
87.1,46.4,47.5,0.0,29.99,26.9,8.4,5.75,16.1
44.6,19.8,24.4,0.0,30.27,26.92,5.2,6.44,44.8
72.0,31.3,42.6,0.1,29.64,26.52,7.6,5.64,18.3
54.3,33.1,45.4,0.2,29.7,26.58,7.6,6.9,10.2
45.0,23.0,19.5,0.0,30.23,26.96,8.2,6.56,14.9
44.6,25.5,33.7,0.0,30.12,26.82,6.4,3.45,8.06
36.0,30.2,26.0,0.0,30.17,26.84,9.1,2.76,8.06
38.1,29.1,27.8,0.1,30.22,26.89,3.8,1.5,5.87
63.7,39.9,42.8,0.0,30.02,26.85,8.7,5.41,40.2
63.3,33.4,36.9,0.05,29.97,26.77,8.7,5.29,17.2
47.3,21.9,28.8,0.0,30.11,26.83,5.3,2.3,9.21
40.6,19.4,16.1,0.1,30.2,26.96,9.1,12.4,20.8
80.6,52.3,53.2,0.0,29.65,26.59,8.5,3.8,13.8
37.4,30.2,25.9,0.0,30.28,26.94,8.8,15.3,20.8
86.0,55.8,50.5,0.0,29.75,26.69,8.6,5.64,12.7
62.6,34.5,37.0,0.0,30.23,26.99,8.1,1.61,8.06
32.7,24.8,21.6,0.2,29.56,26.31,3.0,12.3,17.2
40.3,16.9,24.6,0.05,30.12,26.83,8.5,4.37,13.8
73.0,43.2,34.9,0.0,30.19,27.03,8.1,7.48,12.7
30.6,11.8,14.1,0.0,30.47,27.03,2.6,3.11,9.21
35.6,28.0,23.2,0.0,30.15,26.81,8.2,1.27,8.06
55.6,46.4,43.5,0.1,29.73,26.57,8.2,6.56,10.2
82.4,53.6,46.3,0.0,29.78,26.66,8.9,9.55,20.8
31.3,0.3,4.6,0.0,30.3,26.82,6.9,0.0,13.31
55.4,24.4,28.1,0.0,30.04,26.76,7.2,5.75,14.9
66.2,50.0,44.1,0.0,29.85,26.67,9.2,12.2,57.4
84.2,48.2,42.1,0.0,29.79,26.72,8.6,4.6,11.3
52.9,18.0,18.1,0.0,30.05,26.73,7.7,0.35,4.72
78.4,55.4,51.4,0.1,29.74,26.67,8.9,4.49,11.3
39.6,26.6,25.6,0.0,30.19,26.83,7.9,5.98,10.2
75.2,57.2,45.3,0.0,29.76,26.65,8.7,9.55,19.4
73.6,39.2,43.0,0.0,29.99,26.86,7.6,3.22,10.2
34.7,27.9,23.7,0.0,30.02,26.75,8.5,5.64,10.2
53.6,24.1,26.3,0.0,30.04,26.78,7.8,2.99,10.2
45.7,26.2,27.4,0.0,30.31,26.98,6.2,0.81,4.72
31.6,14.0,14.3,0.0,30.5,27.07,8.8,2.53,12.7
37.8,17.2,16.6,0.0,30.3,26.93,8.5,6.44,16.1
41.7,24.8,23.7,0.0,30.03,26.73,9.2,8.17,21.8
84.9,47.7,43.8,0.0,29.78,26.7,8.3,4.6,13.8
70.9,33.8,35.7,0.0,30.04,26.84,8.2,2.53,9.21
91.8,51.4,43.0,0.0,29.84,26.72,8.4,8.52,13.8
45.5,37.4,37.7,0.0,30.01,26.79,7.4,3.8,9.21
44.6,30.9,32.2,0.0,29.97,26.73,7.0,1.96,6.9
93.7,54.0,39.3,0.0,29.8,26.7,8.2,7.6,14.9
38.8,17.6,20.5,0.0,29.85,26.59,6.7,9.9,20.8
46.8,26.6,25.8,0.0,30.26,26.94,7.5,5.18,10.2
61.2,33.8,33.1,0.0,30.02,26.82,8.0,6.79,12.7
32.0,24.8,15.2,0.3,30.35,27.0,9.1,12.2,16.1
77.0,47.3,45.3,0.0,29.78,26.68,8.5,2.88,9.21
59.0,42.8,36.7,0.05,29.89,26.7,8.8,8.4,18.3
66.2,37.4,30.8,0.0,30.21,26.99,8.2,6.67,11.3
50.9,26.6,30.1,0.1,29.89,26.68,8.3,9.55,24.1
91.4,53.6,44.5,0.0,29.87,26.74,8.4,6.79,17.2
59.0,23.2,27.0,0.0,30.37,27.06,8.7,1.84,8.06
95.0,57.2,46.3,0.0,29.64,26.55,8.4,9.09,32.2
68.9,44.6,42.6,0.0,29.79,26.65,8.9,8.63,17.2
71.6,46.4,41.4,0.0,29.94,26.81,9.1,1.61,5.87
50.0,30.2,33.8,0.0,30.17,26.9,4.8,3.8,13.8
78.8,55.2,49.6,0.0,29.86,26.73,8.9,4.95,11.3
57.4,17.6,16.5,0.0,30.06,26.76,7.9,3.8,10.2
51.4,37.0,39.8,0.0,29.91,26.68,7.4,7.94,25.3
37.4,28.4,31.0,0.2,29.86,26.65,5.6,7.6,11.3
34.5,25.9,25.5,0.1,29.91,26.65,7.8,3.8,8.06
41.7,32.0,31.3,0.5,29.88,26.64,6.6,7.94,17.2
53.6,30.9,32.9,0.3,29.97,26.74,8.2,3.34,8.06
31.3,15.1,16.2,0.0,30.51,27.06,3.6,0.92,4.72
80.2,42.1,41.8,0.0,30.04,26.92,8.6,5.64,16.1
39.2,15.8,16.5,0.0,30.35,26.96,8.6,3.57,11.3
91.4,55.4,44.0,0.0,29.87,26.75,8.6,1.73,8.06
68.4,34.9,29.7,0.0,29.95,26.78,8.5,2.88,12.7
55.8,26.2,30.0,0.0,30.17,26.88,7.2,1.27,6.9
82.8,57.2,48.1,0.0,29.86,26.79,8.3,11.5,16.1
62.6,30.6,42.4,0.1,29.84,26.67,8.2,4.72,16.1
72.7,39.2,41.4,0.0,30.14,26.96,8.2,2.76,11.3
90.0,58.1,49.1,0.0,29.88,26.76,8.4,10.8,17.2
53.2,37.4,36.6,0.0,30.16,26.91,8.8,5.64,14.9
65.7,46.4,41.2,0.0,30.12,26.93,8.6,9.09,14.9
77.4,57.2,41.7,0.0,29.68,26.6,7.8,7.37,20.8
95.4,57.9,53.3,0.0,29.7,26.62,8.5,6.9,14.9
59.4,23.4,27.0,0.0,30.47,27.14,8.2,1.73,11.3
43.2,21.7,28.1,0.0,30.18,26.91,4.2,0.69,4.72
82.4,53.6,50.3,0.0,29.83,26.77,8.7,6.44,11.3
97.2,56.5,47.1,0.0,29.79,26.78,8.8,2.99,9.21
89.6,47.5,40.7,0.0,29.75,26.69,8.2,3.57,10.2
78.8,39.6,36.5,0.0,29.95,26.81,7.6,3.11,11.3
38.1,19.0,18.2,0.05,30.4,27.02,8.7,2.42,6.9
57.2,35.6,38.1,0.2,29.82,26.64,9.7,9.09,15.4
51.8,41.0,39.1,0.0,29.65,26.47,7.6,6.67,16.1
42.4,26.6,25.5,0.0,29.95,26.73,8.7,5.41,11.3
42.8,30.9,34.6,0.05,29.92,26.69,10.3,4.6,13.8
78.8,46.8,36.5,0.0,29.89,26.78,8.3,6.79,10.2
60.4,24.8,29.2,0.0,30.26,26.96,7.3,0.46,10.2
55.4,42.4,36.3,0.0,30.2,26.98,8.5,15.4,21.8
40.1,25.9,30.0,0.05,29.82,26.58,5.0,1.96,4.72
81.5,56.7,47.8,0.0,29.75,26.7,8.1,7.94,11.3
90.3,58.5,46.8,0.0,29.85,26.73,8.3,4.6,11.3
30.2,18.7,21.7,0.0,30.05,26.76,5.1,2.65,13.8
28.0,20.5,19.6,0.0,30.01,26.72,7.1,10.0,13.8
59.7,32.9,45.6,0.0,29.83,26.67,7.4,4.03,6.9
59.0,20.5,22.6,0.0,30.26,26.99,8.2,1.27,5.87
60.1,31.3,35.3,0.0,30.04,26.83,8.7,3.57,8.06
57.9,17.2,19.3,0.0,30.4,27.06,7.5,0.35,4.72
50.0,39.2,38.3,0.2,29.6,26.45,8.0,4.95,10.2
86.0,55.4,50.4,0.0,29.96,26.82,8.4,11.6,18.3
37.4,24.8,22.8,0.0,30.12,26.79,8.4,10.3,16.1
46.4,23.7,20.6,0.0,30.4,27.08,8.2,2.07,5.87
28.4,20.1,17.5,0.0,30.19,26.9,8.7,3.91,9.21
84.2,56.5,40.6,0.0,29.99,26.85,8.3,9.32,16.1
84.2,48.9,45.8,0.0,30.01,26.87,8.5,5.41,12.7
65.7,17.6,23.7,0.0,30.16,26.91,8.0,3.57,12.7
59.0,28.4,33.3,0.0,30.03,26.78,6.5,2.19,9.21
38.1,23.4,21.3,0.1,30.47,27.11,8.1,1.96,8.06
54.0,41.0,43.1,0.3,29.91,26.71,5.7,1.96,8.06
56.5,24.6,28.2,0.0,30.24,26.96,7.6,2.53,9.21
46.6,30.2,29.4,0.1,30.24,26.97,8.5,8.29,13.8
34.2,21.2,20.3,0.0,30.04,26.76,8.1,5.98,12.7
88.5,51.3,53.3,0.0,29.69,26.63,8.2,3.91,16.1
86.4,46.8,35.6,0.0,30.06,26.9,8.5,2.42,9.21
41.0,24.8,28.9,0.1,29.98,26.68,4.3,3.8,9.21
75.6,44.6,39.8,0.0,30.05,26.93,8.5,8.17,13.8
77.4,45.5,44.7,0.0,29.88,26.76,8.6,2.07,6.9
38.1,23.0,26.2,0.1,29.86,26.63,7.1,10.3,16.1
74.1,56.8,52.0,0.0,29.8,26.71,8.7,7.71,14.9
68.0,31.1,29.3,0.0,30.04,26.82,8.2,3.22,10.2
75.9,48.2,40.5,0.0,29.84,26.75,7.8,11.1,28.8
36.0,23.9,14.5,0.0,30.17,26.89,8.8,15.5,28.8
56.1,23.7,31.2,0.0,30.29,26.98,4.9,2.19,11.3
71.6,39.2,40.0,0.0,30.1,26.92,8.7,1.96,6.9
41.0,15.8,16.4,0.0,30.1,26.79,6.8,1.73,20.8
85.6,55.8,52.0,0.0,29.53,26.52,8.8,6.1,25.3
70.2,42.8,38.5,0.0,29.99,26.83,8.3,3.45,11.3
73.8,49.3,48.1,0.0,29.82,26.71,7.0,5.41,13.8
63.0,28.4,32.3,0.0,30.06,26.85,8.4,7.71,14.9
41.0,20.1,18.3,0.0,30.21,26.93,8.5,5.18,13.8
50.0,32.0,37.6,0.0,30.06,26.81,6.3,6.1,13.8
77.0,51.8,53.6,0.8,29.94,26.83,7.3,4.49,16.1
68.4,44.6,40.9,0.0,29.79,26.72,8.5,7.25,16.1
64.8,36.0,39.6,0.0,30.03,26.82,7.2,4.14,14.9
83.1,49.6,46.0,0.0,29.77,26.7,8.5,2.88,10.2
55.4,13.8,33.0,0.0,30.06,26.77,3.2,1.27,4.72
85.3,39.2,39.8,0.0,30.02,26.85,8.2,3.45,14.9
55.0,43.7,45.4,0.0,29.78,26.62,7.4,4.83,17.2
48.6,42.8,39.6,0.8,29.93,26.73,7.7,7.48,11.3
46.4,33.8,32.8,0.0,29.94,26.69,8.7,6.1,11.3
96.8,57.9,50.4,0.0,29.84,26.74,8.1,7.37,13.8
82.4,58.3,49.3,0.0,29.91,26.84,8.6,11.5,16.1
48.2,33.8,34.9,0.0,30.03,26.77,6.2,1.61,9.21
78.8,60.8,51.6,0.1,30.11,26.96,8.3,6.33,12.7
71.6,34.7,29.1,0.0,30.02,26.84,8.2,5.52,12.7
48.6,34.3,34.4,0.3,29.77,26.54,8.0,5.64,12.7
36.3,30.2,26.2,0.0,29.92,26.63,8.9,15.1,20.8
82.4,50.7,51.5,0.2,29.82,26.71,8.7,5.98,20.8
45.1,32.0,33.6,0.0,30.11,26.81,4.8,1.84,6.9
59.0,36.3,38.1,0.05,29.95,26.74,8.0,10.3,18.3
62.6,45.0,40.9,0.8,30.0,26.83,8.8,4.49,9.21
38.1,15.8,15.8,0.0,30.29,26.94,8.4,6.9,12.7
65.5,45.3,45.9,0.1,29.81,26.66,8.7,4.03,12.7
73.4,39.9,38.1,0.0,29.93,26.75,8.7,4.37,9.21
67.5,42.4,39.6,0.0,29.98,26.8,8.6,1.61,10.2
81.3,53.4,41.5,0.0,29.88,26.75,8.4,10.7,18.3
86.0,50.7,49.8,0.1,29.79,26.73,9.1,3.8,12.7
53.1,18.7,23.2,0.0,30.39,27.03,3.1,0.92,6.9
42.8,32.0,33.7,0.0,29.85,26.62,7.8,3.68,10.2
70.5,55.4,52.6,0.2,29.73,26.63,7.6,7.83,13.8
41.7,16.9,24.8,0.0,30.16,26.79,4.5,1.15,13.31
64.8,38.1,33.7,0.0,30.16,26.96,8.7,6.56,12.7
39.2,22.6,19.9,0.1,29.95,26.67,4.0,14.3,18.3
62.1,23.0,27.3,0.0,30.25,26.95,8.5,1.38,5.87
72.0,55.8,52.9,0.0,29.84,26.73,8.6,5.29,10.2
64.4,32.4,45.6,0.4,29.52,26.41,6.7,4.26,13.8
44.6,32.0,30.9,0.1,30.07,26.84,8.3,5.87,13.8
57.9,16.5,21.2,0.0,29.95,26.63,8.2,7.6,20.8
80.6,46.4,44.2,0.0,29.91,26.75,8.9,3.8,9.21
66.2,44.4,41.5,0.0,30.01,26.82,8.8,6.21,14.9
61.9,35.2,34.7,0.0,29.95,26.77,8.7,6.56,16.1
82.4,56.8,49.5,0.0,29.81,26.74,8.7,8.75,13.8
82.8,52.2,40.7,0.0,29.87,26.77,8.2,5.06,13.8
70.9,29.8,35.5,0.0,30.05,26.86,7.4,5.41,13.8
34.2,17.6,18.7,0.05,30.26,26.95,7.7,5.52,10.2
39.2,28.4,23.6,0.0,30.04,26.78,8.8,10.5,14.9
48.2,30.2,32.3,0.0,30.13,26.81,1.4,0.35,3.34
61.5,37.0,38.2,0.0,29.76,26.59,8.3,17.7,33.2
72.0,50.7,47.5,0.0,29.83,26.72,8.8,7.83,14.9
38.5,30.2,28.2,0.0,30.12,26.81,8.6,8.63,13.8
95.4,61.9,49.2,0.0,29.88,26.78,8.6,6.79,18.3
41.0,23.0,24.9,0.2,29.62,26.39,5.2,8.98,14.9
57.2,41.0,40.9,0.0,29.82,26.64,8.3,10.7,19.4
47.8,36.7,37.2,0.2,29.97,26.76,7.3,6.44,11.3
48.6,37.6,37.0,0.0,29.88,26.66,7.4,7.48,17.2
43.5,35.2,35.4,0.0,30.09,26.81,7.1,2.65,8.06
74.1,52.5,55.3,0.0,29.79,26.69,8.2,3.91,13.8
46.8,28.4,30.3,0.3,30.06,26.83,8.4,8.86,16.1
51.8,37.8,35.7,0.05,29.88,26.66,8.3,10.1,27.5
53.6,19.4,21.2,0.0,30.08,26.83,7.9,3.91,12.7
48.2,24.4,25.9,0.0,30.08,26.77,5.0,2.07,41.3
55.4,33.1,35.8,0.0,30.2,26.92,5.6,1.61,10.2
37.4,8.2,12.5,0.0,30.24,26.81,7.0,0.58,4.72
55.4,27.7,34.4,0.0,30.11,26.82,3.9,1.38,11.3
93.2,64.0,41.5,0.0,29.94,26.83,8.2,7.25,14.9
79.0,59.0,49.3,0.05,29.68,26.65,8.2,9.09,19.4
42.1,21.2,23.5,0.0,30.31,26.95,3.4,0.58,4.72
67.3,34.9,38.3,0.0,30.22,26.99,6.8,1.27,6.9
41.5,21.2,20.4,0.0,30.14,26.86,8.5,6.33,16.1
31.6,12.2,19.2,0.05,30.35,26.93,4.5,4.03,10.2
45.5,28.4,31.2,0.0,30.16,26.9,6.0,1.61,8.06
48.7,18.1,21.6,0.0,30.18,26.83,5.1,2.99,12.7
78.1,46.4,40.8,0.0,29.9,26.78,8.6,5.64,14.9
38.3,24.8,16.6,0.0,30.1,26.78,8.0,11.0,19.4
59.9,42.8,48.1,0.4,30.01,26.83,8.0,3.91,11.3
66.2,46.8,45.2,0.0,29.99,26.81,8.3,9.21,17.2
34.2,28.4,22.5,0.0,30.16,26.83,8.9,1.84,8.06
42.8,32.0,32.9,0.3,29.93,26.7,7.7,4.49,14.9
63.3,26.6,30.2,0.0,30.24,26.97,5.0,0.81,8.06
41.0,22.6,23.0,0.0,30.18,26.85,7.3,1.96,5.87
61.2,26.1,30.1,0.0,29.94,26.71,8.6,1.38,5.87
45.7,29.5,30.0,0.0,30.31,26.99,6.1,3.91,9.21
41.0,9.7,17.4,0.0,30.2,26.78,4.5,5.41,19.4
69.8,31.1,49.4,0.2,29.92,26.77,7.1,1.96,8.06
34.2,25.2,21.1,0.1,29.82,26.52,6.0,12.8,20.8
39.9,31.3,29.6,0.0,30.16,26.85,8.9,11.7,19.4
62.6,40.1,41.4,0.0,29.85,26.67,8.5,4.03,10.2
52.5,30.2,42.7,0.2,29.68,26.52,8.1,8.4,12.7
48.9,31.6,32.0,0.0,30.22,26.93,7.4,3.45,9.21
60.8,33.8,36.5,0.1,29.52,26.38,7.9,9.21,23.0
32.4,28.4,25.7,0.0,29.92,26.59,4.5,6.56,13.8
66.2,35.6,32.7,0.0,29.98,26.93,7.1,5.64,10.2
72.0,40.3,40.4,0.0,30.09,26.93,8.6,4.03,13.8
61.9,44.1,40.8,0.0,29.86,26.68,8.0,3.8,12.7
41.7,18.7,20.7,0.0,29.91,26.66,8.3,3.8,11.3
71.6,53.6,50.3,0.0,29.74,26.65,8.4,5.52,13.8
48.2,21.9,27.4,0.05,30.11,26.79,6.8,5.52,17.2
82.4,42.3,31.9,0.0,29.98,26.84,7.0,2.42,9.21
32.0,10.6,17.1,0.0,30.57,27.12,2.5,0.69,4.72
33.1,20.1,19.8,0.2,29.95,26.65,8.9,6.44,13.8
79.5,45.3,47.1,0.0,29.99,26.87,8.8,2.42,8.06
32.0,20.5,20.7,0.1,30.06,26.75,8.4,8.52,14.9
79.9,45.3,45.9,0.0,29.96,26.84,8.3,3.57,10.2
30.2,-2.2,4.8,0.0,30.57,27.16,5.4,0.69,8.06
75.6,41.7,45.2,0.0,30.0,26.86,8.4,6.33,13.8
64.0,41.0,39.0,0.0,29.99,26.8,8.9,8.29,11.3
84.2,55.4,52.6,0.0,29.89,26.83,8.6,9.32,17.2
52.2,35.6,32.0,0.0,30.23,26.99,8.9,8.52,16.1
81.3,47.1,43.4,0.0,29.97,26.83,8.5,3.8,11.3
77.7,53.6,49.0,0.0,29.69,26.62,8.7,10.7,16.1
46.0,30.2,31.9,0.0,29.9,26.65,5.7,3.22,12.7
77.0,47.1,39.8,0.0,30.08,26.91,8.9,9.78,16.1
56.5,32.0,36.1,0.0,30.24,26.98,7.8,2.88,10.2
69.8,50.0,44.1,0.0,29.86,26.71,8.8,9.9,18.3
77.7,42.8,47.6,0.0,29.88,26.75,8.8,4.26,10.2
79.2,48.2,47.9,0.2,29.81,26.71,8.6,2.76,11.3
86.4,53.2,46.3,0.0,29.91,26.78,10.0,7.37,13.8
70.2,31.5,52.6,0.0,29.68,26.57,7.2,4.14,16.1
74.5,55.4,54.5,0.0,29.86,26.78,7.8,7.48,16.1
55.0,33.8,35.2,0.1,30.16,26.93,7.6,4.26,11.3
54.0,45.3,44.4,0.2,29.91,26.72,6.7,5.06,11.3
70.9,53.6,43.6,0.0,29.89,26.77,9.1,8.52,12.7
41.7,15.1,18.1,0.0,30.15,26.85,7.7,1.61,5.87
93.2,64.4,55.0,0.0,29.77,26.75,8.4,13.1,18.3
62.6,36.3,35.2,0.0,30.21,27.0,8.2,6.9,14.9
72.3,42.6,44.1,0.0,29.91,26.76,8.7,3.68,11.3
75.6,51.8,52.2,0.0,29.72,26.62,8.5,10.1,20.8
57.9,42.8,45.5,0.2,30.06,26.84,4.9,2.88,8.06
84.9,44.6,45.1,0.0,29.94,26.82,7.8,6.44,20.8
90.0,63.0,50.6,0.0,29.61,26.61,8.3,6.1,10.2
56.8,24.4,26.7,0.0,30.16,26.88,8.6,2.53,10.2
81.0,62.2,48.5,0.0,29.86,26.8,8.9,12.7,14.9
77.7,51.8,42.9,0.0,29.91,26.81,8.6,3.68,9.21
68.0,48.2,44.9,0.3,29.67,26.54,8.1,4.49,16.1
84.2,42.8,33.2,0.0,29.99,26.83,8.4,3.22,10.2
63.5,39.2,40.9,0.0,30.08,26.88,8.3,3.68,13.8
49.6,33.4,34.0,0.3,29.86,26.64,8.2,6.9,17.2
47.1,28.4,31.4,0.05,29.89,26.69,7.1,4.83,25.3
41.7,33.3,31.9,0.3,30.12,26.83,4.4,1.5,4.72
53.6,30.7,37.9,0.0,30.05,26.79,5.2,4.26,10.2
51.8,39.2,37.5,0.0,29.79,26.62,7.9,8.4,20.8
57.6,24.8,29.8,0.0,30.15,26.88,7.9,2.88,9.21
50.0,30.2,26.1,0.05,29.95,26.72,9.2,8.63,13.8
46.4,28.4,32.1,0.2,29.8,26.58,8.9,5.75,16.1
63.3,25.7,23.9,0.0,29.86,26.66,8.4,2.53,8.06
60.4,38.5,32.0,0.0,29.92,26.72,8.7,10.0,18.3
62.2,26.2,30.2,0.0,30.31,27.03,5.7,2.76,9.21
34.5,14.4,15.4,0.0,30.04,26.68,8.7,2.76,5.87
78.8,51.8,53.6,0.0,29.72,26.65,8.1,3.68,10.2
34.2,24.1,18.5,0.0,30.43,27.06,8.8,10.1,17.2
31.6,8.6,8.4,0.0,30.36,26.94,7.8,3.91,9.21
62.2,41.7,41.0,0.0,29.99,26.79,8.4,10.5,19.4
75.4,48.7,52.3,0.0,29.82,26.71,7.8,3.68,10.2
39.2,24.8,30.1,0.0,30.28,27.01,4.8,3.68,8.06
42.8,22.6,25.4,0.05,30.0,26.69,8.4,5.06,11.3
57.6,28.8,28.0,0.0,30.03,26.79,8.5,8.52,13.8
57.6,18.9,23.7,0.0,30.35,27.03,6.0,1.96,5.87
82.4,53.6,51.6,0.05,29.7,26.64,7.6,5.06,27.5
52.5,28.4,25.5,0.0,30.25,27.0,8.5,5.98,14.9
72.7,44.1,43.6,0.0,29.99,26.84,8.8,3.11,10.2
75.0,50.0,51.0,0.0,29.87,26.77,8.5,5.06,10.2
92.5,63.0,48.3,0.0,29.78,26.77,8.6,12.2,20.8
57.9,24.4,28.5,0.0,30.0,26.77,8.1,4.03,16.1
39.2,19.4,22.9,0.0,30.31,26.99,8.3,3.11,6.9
87.3,49.6,41.5,0.0,29.72,26.66,8.2,4.03,11.3
69.8,44.6,46.5,0.0,29.99,26.83,8.6,6.9,13.8
82.0,48.9,41.5,0.0,29.87,26.73,8.4,9.32,14.9
46.6,22.6,26.5,0.0,30.1,26.77,4.1,0.35,3.34
50.7,24.8,26.0,0.0,30.27,26.96,5.5,1.96,10.2
52.9,24.8,31.1,0.1,30.2,26.88,3.2,1.15,6.9
42.1,35.6,35.3,0.3,29.88,26.63,6.7,2.42,6.9
35.4,28.2,25.1,0.0,29.94,26.65,6.4,14.1,26.3
80.6,59.0,53.0,0.05,29.77,26.71,8.7,8.63,13.8
31.5,19.0,14.1,0.0,30.28,26.9,8.9,6.44,17.2
78.1,46.8,44.7,0.0,29.94,26.82,8.2,7.25,11.3
74.5,53.6,49.7,0.2,29.8,26.7,8.6,10.9,20.8
42.8,30.2,29.9,0.2,29.5,26.3,6.4,10.4,17.2
28.8,20.5,21.4,0.0,30.26,26.95,5.5,6.33,12.7
58.1,30.9,42.2,0.6,29.67,26.53,7.9,3.57,11.3
47.1,33.8,34.8,0.0,30.1,26.82,4.1,3.57,9.21
95.7,56.5,36.0,0.0,29.93,26.81,8.6,2.53,10.2
37.4,30.2,28.5,0.0,30.07,26.76,7.5,9.55,13.8
48.6,26.6,27.4,0.0,30.3,26.99,8.4,8.06,14.9
82.4,47.8,38.1,0.0,30.07,26.91,8.5,2.19,9.21
37.4,17.2,19.0,0.0,30.46,27.06,7.8,2.65,9.21
75.9,50.4,44.1,0.0,29.78,26.68,8.7,4.6,12.7
45.5,30.2,33.4,0.0,30.11,26.82,1.7,0.46,3.34
54.1,42.4,33.4,0.0,30.04,26.8,8.5,8.75,17.2
35.6,14.9,17.0,0.0,29.83,26.56,8.0,6.9,14.9
41.0,15.8,21.4,0.0,30.3,26.91,7.7,0.58,4.72
34.2,26.6,21.5,0.0,30.0,26.67,8.5,12.6,17.2
83.1,58.8,55.9,0.0,29.77,26.73,8.4,7.6,12.7
73.4,53.6,49.1,0.1,29.81,26.7,7.9,4.83,13.8
83.5,45.3,39.9,0.0,30.03,26.87,8.5,7.37,19.4
78.3,47.5,47.9,0.0,29.85,26.75,8.6,2.42,5.87
69.4,48.9,49.7,0.0,29.65,26.56,8.7,8.63,17.2
80.6,54.3,51.3,0.3,29.76,26.68,8.3,5.98,13.8
31.6,9.1,10.4,0.0,30.44,26.98,8.6,0.58,4.72
60.8,46.4,43.9,0.3,29.65,26.5,7.7,7.71,14.9
79.9,52.2,48.1,0.0,29.91,26.83,8.8,5.64,13.31
86.0,46.8,43.9,0.4,29.83,26.7,8.5,5.87,12.7
45.3,30.6,32.0,0.0,30.06,26.76,8.7,9.32,16.1
57.2,35.6,33.4,0.0,29.83,26.64,8.8,15.1,27.5
45.3,28.4,26.6,0.0,30.0,26.71,9.0,3.11,11.3
64.8,48.2,50.0,0.2,29.82,26.72,8.4,8.29,16.1
