Focal_depth,Latitude,Longitude
12.0,33.22,-116.19
14.0,46.54,141.15
20.0,-15.08,-173.12
107.0,-5.57,153.99
16.0,57.39,-153.97
52.0,-2.71,-79.88
10.0,7.74,-77.54
20.0,47.09,153.77
46.0,53.48,-161.39
48.0,33.31,132.31
45.0,-22.22,170.48
37.0,15.3,-45.78
97.0,-10.16,161.01
18.0,21.77,103.31
0.0,38.75,-27.75
0.0,70.8,53.92
10.0,-4.76,-112.01
3.0,17.76,-101.3
37.0,1.27,97.63
138.0,-56.81,-26.93
34.0,25.12,-109.55
11.0,41.33,-125.66
49.0,-35.21,-179.32
592.0,-27.96,-62.82
24.0,-25.87,-175.37
51.0,36.43,140.98
33.0,53.26,-161.74
82.0,-25.85,-177.29
18.0,32.49,104.18
119.0,-22.0,170.91
0.0,49.92,78.8
154.0,1.9,128.2
29.0,9.5,126.6
48.0,38.23,142.02
26.0,15.05,-94.28
24.0,-1.18,136.59
20.0,-16.66,-172.01
647.0,-17.74,-178.05
33.0,-32.67,-178.21
55.0,-23.74,-70.23
52.0,27.94,140.61
7.0,-41.13,-74.99
39.0,18.75,120.86
72.0,-2.7,139.01
165.0,40.32,140.38
49.0,38.41,142.18
52.0,37.77,141.77
23.0,0.91,-26.71
114.0,15.54,-92.65
18.0,-15.37,-173.03
36.0,-14.45,166.87
24.0,51.31,177.91
10.0,-31.6,-110.85
511.0,-7.17,125.81
1.0,22.7,122.61
165.0,-21.59,170.56
41.0,43.12,145.74
41.0,39.81,77.22
31.0,-20.46,-173.89
111.0,38.33,73.17
25.0,-5.75,104.18
51.0,54.25,-162.51
29.0,54.15,168.69
18.0,-8.4,154.03
54.0,-19.09,168.71
23.0,-6.26,151.86
54.0,44.66,148.92
5.0,17.61,-61.26
94.0,-56.46,-27.05
38.0,-14.52,167.93
16.0,45.2,93.86
112.0,-3.88,-78.47
21.0,1.26,126.23
0.0,-58.07,-10.68
27.0,46.41,141.16
108.0,17.04,-94.61
31.0,39.47,142.89
39.0,56.04,163.17
33.0,-11.16,118.41
14.0,-31.4,-110.84
6.0,38.43,119.47
601.0,18.49,145.39
7.0,-8.27,121.38
10.0,-52.89,-46.98
10.0,-51.88,161.08
10.0,-18.85,67.33
35.0,-28.78,-71.19
399.0,47.44,146.73
46.0,-21.95,170.09
45.0,38.38,22.26
232.0,-17.07,168.56
24.0,31.61,100.26
47.0,-7.48,156.2
0.0,49.88,78.81
33.0,-24.2,-175.1
52.0,41.8,142.77
214.0,-22.53,-66.19
67.0,-24.93,-68.68
38.0,38.61,142.91
57.0,-2.89,139.38
21.0,-25.88,-175.9
39.0,35.06,24.31
0.0,34.14,59.92
0.0,73.35,54.38
21.0,43.76,147.45
44.0,35.85,141.1
92.0,17.89,-68.61
54.0,-28.65,-177.38
503.0,28.04,139.67
10.0,-46.01,165.16
40.0,-8.32,115.92
41.0,16.8,147.17
7.0,50.13,-179.59
99.0,-8.7,124.0
64.0,1.0,126.02
28.0,-29.89,-71.4
45.0,53.61,160.49
37.0,4.69,124.61
33.0,-5.51,-77.3
49.0,-14.92,-172.88
42.0,-29.64,-176.76
59.0,-11.39,116.68
54.0,-56.17,-27.66
6.0,-30.73,117.21
373.0,-6.44,127.96
43.0,25.73,128.5
19.0,-59.38,-26.12
36.0,-9.84,-75.55
0.0,19.5,-60.0
15.0,71.49,-10.36
53.0,18.82,-103.95
49.0,36.45,141.05
12.0,46.35,13.26
48.0,49.23,155.56
140.0,-15.44,167.48
0.0,7.55,-77.5
595.0,-7.08,124.28
41.0,61.62,-147.39
115.0,-33.49,-179.4
33.0,-15.78,-173.01
55.0,5.04,126.63
6.0,42.8,13.04
38.0,-15.81,167.24
36.0,45.53,150.93
22.0,51.26,-178.95
27.0,-18.27,167.99
53.0,-13.09,166.34
36.0,-0.47,-19.93
2.0,-45.6,96.19
10.0,1.16,94.2
172.0,18.34,-68.86
8.0,6.37,-77.48
73.0,-2.98,139.34
17.0,7.73,137.02
31.0,22.68,-45.11
34.0,23.05,122.14
177.0,-17.15,-174.07
71.0,-8.03,158.94
54.0,33.45,141.0
21.0,41.41,20.44
72.0,6.0,126.13
37.0,-20.54,-174.0
0.0,49.88,78.96
62.0,50.78,157.19
53.0,-19.16,168.69
32.0,4.72,127.65
39.0,-15.33,-173.48
20.0,-14.13,166.56
278.0,26.45,140.76
114.0,-8.16,-76.12
88.0,-9.19,114.26
0.0,49.77,78.08
30.0,24.29,142.7
0.0,71.42,-10.39
59.0,-5.41,151.57
20.0,8.43,127.23
42.0,-16.52,-72.6
53.0,10.11,92.93
33.0,-8.79,124.98
0.0,-37.62,179.46
75.0,18.02,-69.03
10.0,-29.68,60.83
48.0,44.3,149.6
161.0,-1.4,-77.7
47.0,32.31,131.83
22.0,7.79,135.76
422.0,-18.7,-178.04
0.0,73.32,54.97
19.0,-38.34,-73.27
116.0,24.81,121.87
1.0,-11.84,-75.1
25.0,10.21,-80.03
12.0,-18.94,-173.72
517.0,-23.88,180.0
48.0,44.41,149.58
0.0,73.37,54.84
22.0,-41.74,174.3
29.0,8.28,122.43
82.0,6.78,126.66
46.0,45.09,76.96
102.0,-22.09,170.9
26.0,11.83,142.52
20.0,-21.89,-70.07
80.0,-7.53,127.91
9.0,36.21,-120.36
11.0,52.26,-168.84
86.0,45.83,26.72
184.0,0.02,123.18
109.0,-20.25,-68.83
28.0,52.73,171.99
1.0,24.0,-65.7
12.0,-3.65,143.37
20.0,-33.78,-177.83
53.0,-6.9,147.77
533.0,-23.45,-179.88
23.0,57.56,-153.92
39.0,-22.91,-70.48
58.0,61.92,-149.72
0.0,44.98,-125.87
33.0,-7.0,155.78
49.0,-12.41,166.43
64.0,-6.3,154.81
565.0,-17.82,-178.79
48.0,-2.96,139.34
46.0,-7.11,148.31
28.0,-12.59,166.11
19.0,-7.53,128.6
46.0,16.09,121.94
31.0,26.7,97.04
20.0,0.51,97.89
44.0,53.54,169.96
53.0,-5.15,134.09
33.0,-9.52,118.35
370.0,-31.95,179.18
55.0,-7.22,156.08
23.0,16.07,-96.55
45.0,-25.55,-176.24
19.0,-10.83,164.23
32.0,-11.16,107.72
33.0,-61.05,-21.7
62.0,-6.43,154.88
43.0,19.8,-56.11
0.0,49.88,78.82
16.0,40.35,42.18
146.0,-34.28,-176.53
92.0,-7.03,129.7
24.0,-9.5,159.26
28.0,1.62,-79.34
0.0,49.89,78.98
55.0,-6.41,147.65
192.0,36.47,70.86
25.0,-4.05,127.9
123.0,32.55,131.19
123.0,-6.38,105.93
13.0,-14.56,166.8
64.0,-6.52,154.94
6.0,35.05,141.37
28.0,-1.18,136.49
28.0,37.28,142.28
62.0,53.26,-165.65
196.0,-18.54,-175.12
1.0,24.31,93.52
32.0,-2.3,99.01
60.0,-13.52,166.59
48.0,36.47,141.24
22.0,40.39,139.05
25.0,-5.14,152.87
436.0,31.93,137.62
20.0,-16.68,-172.05
66.0,-7.93,159.05
43.0,-0.74,127.33
111.0,-4.26,-77.01
126.0,-20.78,169.85
531.0,-5.71,125.42
112.0,-7.9,109.0
96.0,6.6,126.77
103.0,10.76,-62.7
25.0,31.68,82.28
632.0,7.46,123.77
26.0,41.06,143.1
62.0,-4.18,152.76
103.0,-33.09,-70.15
109.0,-4.5,144.1
44.0,8.8,-83.11
42.0,43.25,146.75
43.0,11.8,143.12
28.0,-17.23,167.83
42.0,43.85,148.32
73.0,-17.44,-69.96
42.0,17.42,-61.19
27.0,39.36,75.44
60.0,49.99,156.33
26.0,44.06,148.09
256.0,19.0,145.42
30.0,-29.04,77.78
606.0,-20.7,-178.65
23.0,45.35,150.5
0.0,53.97,-163.71
5.0,15.28,-89.19
9.0,40.86,143.38
3.0,48.71,157.37
40.0,51.39,179.59
36.0,44.22,148.87
37.0,-8.4,115.83
9.0,-12.24,-77.58
0.0,-17.06,-172.28
573.0,49.47,147.08
376.0,-7.47,125.56
0.0,49.91,78.83
57.0,-16.11,-173.87
36.0,1.65,126.5
4.0,38.55,28.46
44.0,7.35,123.42
33.0,-50.01,-115.1
59.0,-4.7,103.04
36.0,-32.19,-71.72
411.0,-33.02,-179.96
24.0,56.3,-154.4
49.0,27.47,128.58
26.0,18.23,120.8
10.0,-30.9,-13.53
386.0,33.62,136.8
33.0,-52.26,28.3
39.0,0.48,-79.79
0.0,14.23,119.13
49.0,-9.9,160.44
36.0,52.13,173.03
4.0,42.05,19.05
0.0,73.34,54.5
44.0,-60.69,-25.41
46.0,4.81,127.54
119.0,-14.76,167.11
342.0,-27.74,-178.99
46.0,-15.94,167.53
43.0,-11.75,-75.15
30.0,54.73,-159.65
108.0,-0.05,123.03
25.0,-1.2,136.61
29.0,18.54,-102.32
101.0,-13.31,-74.94
18.0,-33.15,-73.1
60.0,-17.62,-71.27
7.0,39.49,75.27
598.0,24.13,142.41
5.0,40.39,-126.8
38.0,42.98,146.2
40.0,55.25,162.0
27.0,42.23,142.46
0.0,73.4,54.57
82.0,60.15,-152.82
544.0,-27.28,-63.27
47.0,36.28,69.69
33.0,-31.78,57.32
47.0,32.26,131.78
566.0,41.85,130.87
124.0,-4.1,143.1
25.0,15.08,122.01
43.0,24.13,122.39
51.0,-57.78,-25.52
50.0,3.48,128.06
10.0,-29.93,-177.62
15.0,37.02,95.73
20.0,-9.57,150.97
326.0,-23.68,-178.3
74.0,-2.99,101.68
44.0,51.35,-178.51
43.0,-37.23,179.81
48.0,17.15,-100.23
6.0,62.19,-124.27
49.0,52.58,-168.13
46.0,55.03,-159.19
51.0,29.3,130.41
164.0,-6.6,130.15
19.0,16.51,-98.25
6.0,-2.4,125.98
54.0,0.02,126.01
25.0,3.69,126.65
42.0,25.54,143.25
67.0,29.19,141.15
42.0,-15.36,-173.09
32.0,-3.56,86.19
6.0,53.02,162.41
135.0,-11.94,166.57
39.0,-15.22,-173.52
45.0,-10.58,161.35
45.0,17.53,-100.79
653.0,-1.46,-72.56
0.0,49.87,78.84
35.0,-4.34,139.86
181.0,15.32,120.63
45.0,35.94,73.33
22.0,51.29,-179.85
52.0,-6.02,150.12
29.0,56.77,-135.91
48.0,-15.35,-175.6
19.0,27.42,91.86
2.0,43.22,146.9
27.0,46.28,141.03
102.0,36.21,70.9
33.0,-55.9,157.7
4.0,47.09,153.72
25.0,34.15,59.01
37.0,-5.78,153.8
32.0,-26.37,-71.78
103.0,-21.55,-176.39
34.0,-3.72,140.0
45.0,-56.27,-27.07
82.0,44.7,148.17
51.0,-10.88,119.26
95.0,-15.66,-72.45
33.0,2.25,126.74
47.0,-29.36,77.65
10.0,37.59,-17.41
38.0,-4.21,152.71
60.0,43.86,148.84
44.0,44.67,150.28
70.0,-20.57,-68.93
41.0,-0.28,12.83
54.0,-24.6,-70.18
38.0,54.44,-157.94
50.0,30.68,140.22
166.0,-4.6,151.86
15.0,-0.5,122.61
107.0,36.19,70.81
39.0,38.33,142.2
34.0,-11.29,118.1
56.0,34.57,140.37
36.0,46.76,153.63
42.0,0.22,98.05
190.0,-5.0,145.58
66.0,7.05,-104.18
34.0,-10.89,166.01
69.0,-12.54,166.47
8.0,-30.03,-177.73
270.0,-31.2,-179.47
139.0,-20.7,169.92
5.0,-11.62,-74.45
587.0,-9.04,-71.32
45.0,-13.4,166.44
61.0,-30.51,-71.08
238.0,44.89,143.21
41.0,-8.17,114.84
52.0,52.92,159.81
2.0,60.25,-146.71
33.0,47.41,152.26
55.0,-18.61,-174.7
0.0,40.86,15.33
30.0,58.29,-152.5
20.0,-30.01,-177.63
0.0,49.77,78.1
136.0,-6.2,130.33
189.0,-5.54,129.79
104.0,-6.76,107.04
25.0,35.31,23.29
28.0,51.24,-179.25
45.0,36.44,141.37
62.0,-15.12,167.16
643.0,52.36,151.64
39.0,8.48,126.62
208.0,-30.44,-179.3
19.0,-40.45,155.57
33.0,-16.29,178.2
14.0,40.35,63.45
16.0,-34.61,-178.57
94.0,-11.54,-74.52
554.0,27.9,137.04
122.0,-0.16,-78.6
66.0,-13.1,-76.37
3.0,-14.6,167.41
42.0,17.81,-101.69
40.0,-51.6,139.76
33.0,-53.82,158.84
51.0,51.39,-179.94
33.0,2.09,126.55
39.0,41.79,143.5
68.0,26.02,95.37
117.0,-6.11,145.54
77.0,-21.22,169.72
380.0,48.27,148.66
45.0,19.36,122.06
159.0,44.21,145.45
33.0,-52.77,160.17
41.0,28.11,129.52
93.0,-56.44,-27.43
0.0,-5.07,102.33
92.0,4.76,126.52
37.0,-15.25,-173.53
568.0,49.05,146.63
26.0,12.46,114.45
7.0,53.74,-164.7
35.0,-17.66,167.96
37.0,28.3,55.61
118.0,44.55,146.67
18.0,-56.8,-68.42
37.0,-8.21,114.87
33.0,-33.49,-177.31
17.0,7.22,122.99
23.0,-2.64,126.04
0.0,73.33,54.93
69.0,35.53,140.15
39.0,-19.07,168.54
139.0,-14.75,167.28
205.0,36.42,70.73
7.0,-2.39,126.15
48.0,-9.15,-78.83
231.0,36.48,70.15
125.0,-17.61,-174.45
30.0,-17.59,-172.31
243.0,-18.79,169.29
18.0,51.52,-175.27
25.0,-0.27,133.47
20.0,40.11,70.86
27.0,-0.78,122.22
10.0,-7.6,126.26
10.0,43.01,146.66
117.0,13.82,144.79
42.0,-28.21,-114.06
46.0,16.82,-98.46
64.0,-8.69,111.17
10.0,44.1,-113.81
107.0,-31.37,-68.61
58.0,7.21,123.53
51.0,-30.67,-178.03
71.0,-13.4,166.7
209.0,36.42,70.75
37.0,-22.25,169.55
45.0,41.37,143.44
45.0,-11.05,116.97
75.0,18.25,-96.58
56.0,35.67,140.64
18.0,38.23,22.97
0.0,-21.86,-138.92
36.0,-17.62,-171.16
15.0,-3.36,177.4
27.0,53.25,-166.78
10.0,16.54,40.32
126.0,28.95,140.94
124.0,-15.18,167.43
52.0,-13.98,166.51
82.0,5.71,94.72
0.0,49.86,78.81
27.0,42.03,143.89
12.0,60.36,-146.61
0.0,49.9,78.86
48.0,-1.46,99.8
170.0,-6.11,129.91
75.0,-5.16,130.45
68.0,36.01,139.33
25.0,42.48,143.04
0.0,49.79,78.14
12.0,-25.19,-175.55
36.0,51.29,178.55
185.0,-18.95,168.89
167.0,18.12,145.83
17.0,-6.24,148.74
22.0,6.51,-84.44
67.0,-0.36,124.73
19.0,-4.83,102.04
33.0,-15.3,-173.47
44.0,51.27,-179.38
73.0,-19.42,-69.33
40.0,23.86,122.97
86.0,-5.13,151.79
190.0,36.52,71.05
33.0,57.2,-153.0
87.0,-16.13,-173.95
27.0,-34.74,81.88
24.0,-38.84,46.43
16.0,5.64,-82.6
405.0,-18.39,-177.88
0.0,49.93,78.77
46.0,-4.2,123.37
137.0,-15.04,167.28
75.0,-0.52,122.21
52.0,16.45,122.31
65.0,43.51,147.65
647.0,-20.61,-179.14
425.0,-6.76,126.74
0.0,49.82,78.18
33.0,-40.12,-74.68
47.0,41.47,142.88
33.0,8.14,137.21
0.0,73.31,54.89
200.0,-22.69,-66.62
13.0,19.93,121.34
85.0,42.92,145.33
36.0,16.61,122.19
549.0,38.78,130.09
26.0,0.66,126.0
58.0,2.27,121.06
0.0,49.93,78.89
0.0,60.33,-140.94
11.0,19.46,-155.14
397.0,-31.88,179.94
126.0,-0.13,123.95
16.0,-30.48,-177.42
50.0,-13.64,165.96
33.0,-5.42,133.99
2.0,-7.33,146.83
36.0,-53.59,-28.26
103.0,-56.11,-27.83
23.0,56.42,-152.01
59.0,-0.1,125.01
567.0,41.93,130.99
607.0,18.0,145.67
54.0,-9.93,-78.46
48.0,12.47,126.01
93.0,-9.84,123.96
33.0,-60.3,-27.0
10.0,-31.38,-110.79
0.0,49.96,79.07
91.0,-10.31,161.42
0.0,49.91,78.91
58.0,-6.63,154.66
38.0,54.52,162.02
606.0,-6.01,112.33
29.0,-20.41,-174.17
33.0,-18.11,-172.51
46.0,-1.59,99.95
20.0,32.84,142.43
11.0,51.86,176.09
0.0,47.81,48.09
33.0,-39.85,87.74
43.0,51.31,-179.23
37.0,-21.5,169.61
39.0,-11.14,162.16
22.0,-1.05,146.48
49.0,43.23,149.94
80.0,-6.05,148.55
12.0,-33.82,-179.44
45.0,51.46,-177.71
28.0,-42.9,-75.13
65.0,-10.13,121.7
21.0,42.09,84.58
89.0,-4.0,-79.4
144.0,49.45,154.4
60.0,40.78,142.15
196.0,-4.37,151.81
17.0,30.29,132.72
18.0,51.11,-171.3
305.0,-14.95,-175.81
449.0,-7.33,126.08
53.0,-6.1,154.44
56.0,3.73,126.64
57.0,-59.8,-26.33
138.0,44.38,146.71
165.0,-6.77,129.62
596.0,-17.97,-178.49
69.0,-22.91,-175.74
0.0,49.97,79.01
110.0,42.48,142.15
59.0,-6.26,154.62
29.0,-3.74,131.39
22.0,3.52,95.91
20.0,43.52,146.72
116.0,-4.75,151.84
33.0,-4.3,-102.07
43.0,-5.74,152.13
210.0,36.42,70.76
38.0,13.85,124.32
11.0,2.18,126.65
33.0,-10.87,164.22
36.0,45.56,151.62
179.0,29.4,140.43
62.0,44.11,148.62
45.0,36.44,141.17
0.0,43.79,54.75
34.0,7.46,123.47
15.0,40.35,63.36
391.0,33.17,136.98
12.0,-7.28,155.63
38.0,29.28,130.44
31.0,-15.75,167.12
76.0,-25.4,-69.06
46.0,-7.35,155.82
598.0,-9.05,-71.34
517.0,-4.88,125.35
36.0,-60.9,-55.9
27.0,39.5,117.73
34.0,44.64,150.09
183.0,-7.47,128.2
93.0,-14.79,-72.66
50.0,53.89,160.68
10.0,-2.38,145.06
11.0,-24.91,-175.16
0.0,-49.13,164.63
105.0,-0.09,123.95
3.0,41.42,79.24
44.0,-5.66,153.92
51.0,49.41,155.58
29.0,22.55,122.37
15.0,-3.97,-80.66
33.0,-4.52,140.24
20.0,-31.25,-68.0
60.0,39.25,24.6
54.0,53.57,160.53
77.0,-0.15,-17.97
121.0,50.04,155.38
0.0,49.92,78.8
197.0,36.48,70.95
32.0,38.51,40.77
41.0,10.54,140.96
26.0,-19.9,169.66
63.0,-10.21,160.74
55.0,-3.08,139.45
33.0,-2.51,146.03
0.0,-6.72,154.53
58.0,-31.81,-71.26
94.0,-4.89,153.57
111.0,47.88,153.75
9.0,-7.24,149.58
81.0,-5.68,151.47
35.0,40.83,139.33
0.0,49.92,78.83
9.0,19.9,120.49
8.0,51.34,173.75
68.0,-4.72,152.56
81.0,12.91,93.59
160.0,31.07,130.1
18.0,-31.54,117.0
171.0,-4.86,151.55
8.0,12.58,122.09
0.0,49.86,78.94
33.0,-32.95,-71.6
68.0,14.07,-91.95
42.0,51.31,-178.5
44.0,-26.28,-175.78
43.0,35.48,139.05
29.0,20.73,146.29
18.0,35.78,137.49
40.0,0.53,98.72
21.0,-23.79,-175.14
64.0,-58.86,157.6
5.0,40.18,63.79
33.0,-22.89,-175.82
168.0,-7.37,128.58
45.0,-9.16,-78.88
25.0,-15.27,-175.45
53.0,30.07,142.15
22.0,-3.37,139.91
43.0,-15.13,166.91
33.0,51.56,175.86
28.0,-14.34,167.06
175.0,20.45,122.14
13.0,36.74,54.81
108.0,1.8,127.28
600.0,-9.52,-71.22
42.0,24.24,122.67
0.0,73.38,54.87
48.0,-9.88,-78.69
153.0,7.85,126.38
79.0,-10.08,161.06
11.0,-0.05,125.06
504.0,-23.93,179.88
77.0,-5.16,152.26
26.0,43.28,146.43
10.0,39.05,44.04
38.0,44.77,153.33
45.0,3.43,128.01
33.0,-6.22,131.15
33.0,-9.94,160.48
43.0,8.95,-83.49
33.0,-53.52,159.08
26.0,-31.37,-67.79
47.0,23.41,143.71
0.0,49.84,78.92
112.0,6.33,126.9
52.0,51.38,-177.85
12.0,7.76,-77.57
522.0,-23.7,179.99
33.0,-20.45,-174.04
44.0,13.83,125.07
33.0,-3.41,139.55
55.0,6.52,124.07
0.0,23.09,120.58
0.0,63.92,146.1
32.0,-23.61,-174.85
105.0,4.81,-76.2
111.0,-6.54,146.64
33.0,-4.58,140.13
367.0,35.43,135.49
35.0,43.14,146.88
19.0,12.0,41.35
29.0,-8.93,120.32
62.0,-13.32,166.69
0.0,-5.18,96.89
191.0,-20.61,-176.32
12.0,-42.66,174.02
33.0,-59.54,-20.59
33.0,-5.61,131.43
74.0,-4.67,153.25
17.0,28.19,103.98
43.0,13.81,146.36
33.0,-51.7,139.8
7.0,1.16,120.89
527.0,27.87,139.51
178.0,7.13,126.58
32.0,6.98,123.89
48.0,-33.79,-179.58
49.0,29.33,130.53
116.0,-5.39,150.94
25.0,40.49,139.05
35.0,36.13,68.98
14.0,38.07,20.25
22.0,34.43,25.04
193.0,-19.41,169.39
39.0,43.46,146.94
25.0,-10.62,165.06
0.0,57.99,-138.04
42.0,-6.5,154.63
34.0,78.15,126.65
58.0,1.65,126.32
27.0,-41.5,-75.34
4.0,-31.04,-67.76
10.0,-7.41,27.88
51.0,3.91,96.56
64.0,-5.01,145.1
627.0,-21.08,-179.15
32.0,-13.49,166.54
19.0,-1.94,134.17
39.0,-30.62,-178.07
6.0,48.84,-129.13
55.0,-6.04,150.01
83.0,-22.49,-68.26
346.0,-31.38,-179.38
102.0,24.86,122.56
10.0,34.02,141.66
0.0,73.39,54.91
25.0,52.94,-167.7
38.0,-30.02,-177.47
38.0,52.23,174.0
43.0,53.14,-161.85
55.0,-57.98,-24.35
48.0,-34.14,-72.1
36.0,-3.41,177.55
33.0,43.78,147.48
62.0,43.88,146.72
10.0,-60.75,-20.95
62.0,49.99,156.31
594.0,-20.81,-178.87
51.0,-5.15,134.15
30.0,60.7,-145.38
20.0,16.98,-62.46
0.0,49.98,79.02
75.0,-8.05,108.79
5.0,31.33,100.49
0.0,50.33,-176.86
479.0,-25.69,179.58
0.0,-7.02,30.9
74.0,3.5,128.41
70.0,-10.58,161.39
185.0,6.63,125.77
214.0,36.4,70.72
17.0,-10.68,161.35
17.0,28.62,142.42
33.0,-30.84,-178.2
31.0,-11.4,66.3
46.0,43.14,147.44
41.0,36.35,141.38
615.0,-7.46,119.89
62.0,-6.46,70.76
39.0,-30.34,-71.58
16.0,51.99,179.95
74.0,36.47,76.86
0.0,73.31,54.7
55.0,56.65,-156.72
21.0,-6.79,71.48
41.0,40.73,142.85
578.0,-27.46,-63.23
103.0,-6.21,146.66
14.0,-10.61,-74.69
36.0,55.2,161.95
49.0,43.47,146.59
54.0,-6.23,154.45
146.0,4.7,-75.67
19.0,-44.58,167.64
56.0,43.28,145.81
7.0,39.4,24.94
33.0,-54.97,146.25
15.0,50.72,160.4
19.0,43.14,146.89
64.0,-11.78,166.31
107.0,13.84,145.38
58.0,-4.34,153.12
537.0,-5.76,111.29
20.0,-26.02,84.3
107.0,-5.6,154.29
21.0,43.53,147.04
127.0,-19.38,169.13
50.0,33.38,140.97
37.0,36.36,141.63
32.0,38.24,23.26
40.0,51.47,-176.81
49.0,-19.89,169.08
10.0,-16.47,-172.17
33.0,-56.46,-142.61
27.0,-8.07,-80.09
0.0,0.99,-28.3
0.0,50.03,79.02
0.0,73.4,54.42
25.0,-33.89,179.52
40.0,-32.51,-71.21
41.0,-10.42,162.42
75.0,39.78,141.91
402.0,47.31,145.75
97.0,0.75,122.61
0.0,73.41,54.93
45.0,19.11,121.19
55.0,-15.43,-173.3
0.0,55.18,163.57
59.0,-4.89,153.34
4.0,19.5,-155.44
114.0,-22.29,171.65
115.0,-10.45,161.34
0.0,49.87,78.9
35.0,38.28,142.71
101.0,-6.39,130.72
111.0,36.45,31.72
14.0,-15.47,166.91
24.0,37.2,142.09
8.0,43.46,147.91
43.0,0.55,126.24
135.0,49.05,153.6
16.0,52.37,174.33
64.0,8.52,126.41
17.0,-8.98,157.91
23.0,-15.16,-173.64
7.0,36.24,-120.27
180.0,-24.05,-66.84
109.0,-7.73,127.77
30.0,-20.57,-173.84
475.0,28.27,139.55
184.0,-0.96,101.39
79.0,-56.03,-27.57
42.0,-1.52,-15.37
12.0,20.0,147.27
40.0,15.78,121.71
50.0,44.56,149.58
38.0,51.41,-177.21
30.0,38.18,142.87
5.0,41.15,-124.3
113.0,-10.25,161.11
10.0,62.22,-124.27
10.0,60.51,-146.7
33.0,-6.61,71.41
76.0,-12.3,166.5
429.0,30.71,138.44
24.0,48.22,102.9
320.0,21.57,143.1
49.0,-57.44,-25.77
63.0,-10.92,162.16
23.0,7.03,-104.24
135.0,-15.88,-174.35
35.0,59.79,-148.67
43.0,-13.98,166.19
41.0,-21.61,169.66
56.0,53.38,160.3
12.0,-20.45,-173.96
64.0,-30.01,-176.85
90.0,-12.1,166.52
38.0,45.53,151.11
21.0,48.08,103.02
555.0,-24.66,-63.39
48.0,-4.86,153.32
46.0,33.15,141.06
33.0,-16.22,-172.47
17.0,54.84,166.0
53.0,43.99,148.91
46.0,55.07,165.4
9.0,15.93,-88.52
11.0,42.65,146.08
424.0,-19.5,-177.7
45.0,-7.89,156.24
33.0,-11.1,119.09
328.0,-5.74,128.63
31.0,8.14,-38.12
10.0,-39.71,-75.7
11.0,29.99,57.77
4.0,1.02,120.4
42.0,-24.39,-176.65
33.0,52.78,-167.8
30.0,35.68,73.6
34.0,-10.43,160.89
21.0,18.93,120.13
537.0,-4.94,125.25
12.0,-2.09,138.96
21.0,31.0,-41.53
0.0,12.98,125.74
39.0,31.08,131.43
44.0,1.42,126.36
33.0,-31.02,-67.51
88.0,-2.79,-77.35
74.0,-4.42,102.32
196.0,36.5,70.58
38.0,58.35,-153.13
30.0,-21.66,169.81
40.0,-15.61,168.01
47.0,-22.91,-175.3
32.0,49.29,155.49
128.0,-7.02,-76.19
24.0,41.95,83.38
103.0,-18.65,-69.38
106.0,-7.54,128.76
117.0,22.33,143.59
10.0,39.22,25.25
203.0,-14.33,167.29
66.0,-7.12,155.87
89.0,-38.27,177.22
76.0,-4.6,153.22
40.0,32.24,132.21
30.0,5.22,-100.32
43.0,51.27,-179.21
31.0,8.2,58.49
30.0,39.17,143.4
29.0,23.6,121.55
21.0,-10.93,163.8
21.0,-7.47,154.68
47.0,23.17,122.0
3.0,24.51,98.95
32.0,-10.57,164.46
97.0,-29.0,-69.69
88.0,-4.45,143.53
51.0,-32.16,-71.4
57.0,34.5,140.42
161.0,52.59,-175.04
21.0,-3.38,143.29
36.0,-1.96,-80.99
30.0,-19.86,-173.04
54.0,-11.21,118.43
37.0,33.6,141.38
50.0,36.95,95.5
222.0,20.19,122.41
146.0,-42.28,-71.79
11.0,-10.19,110.84
40.0,-60.59,-25.5
48.0,51.47,-178.32
9.0,49.88,78.92
50.0,-8.36,121.46
569.0,8.73,124.03
20.0,15.23,-96.26
57.0,42.08,142.65
43.0,-6.29,144.46
44.0,-30.57,-178.06
24.0,0.77,126.02
21.0,-9.55,152.21
6.0,6.52,-77.4
112.0,-34.29,-70.38
22.0,35.16,86.4
242.0,-12.23,167.02
36.0,29.71,80.89
10.0,-3.61,151.2
83.0,13.29,-89.39
26.0,-3.92,-81.41
11.0,-22.08,-174.6
12.0,-36.67,177.64
70.0,-37.84,176.73
45.0,-4.97,145.45
33.0,-14.03,166.22
50.0,33.47,140.95
16.0,40.66,122.63
92.0,-9.0,117.95
44.0,59.79,-149.3
34.0,42.84,78.6
43.0,-13.89,166.53
14.0,35.16,23.56
44.0,24.08,122.16
33.0,-6.56,131.3
57.0,-32.17,-71.43
49.0,31.94,78.53
34.0,-57.82,-23.54
22.0,14.17,96.12
62.0,-4.26,143.55
34.0,-6.5,71.4
18.0,30.66,141.78
112.0,21.42,94.62
44.0,-5.34,103.12
179.0,0.2,123.63
10.0,-15.37,166.54
0.0,-21.89,-138.96
46.0,5.54,126.47
31.0,50.1,-129.3
120.0,-56.17,-27.7
72.0,40.84,141.98
20.0,16.58,-98.34
10.0,43.56,-127.7
27.0,-61.11,-55.54
27.0,-5.59,151.07
36.0,0.52,134.75
61.0,23.72,142.18
546.0,51.93,151.57
45.0,45.98,151.47
29.0,-6.06,154.23
39.0,-10.94,118.4
131.0,-20.3,169.61
43.0,-10.22,-78.69
2.0,-7.49,130.18
508.0,28.22,139.3
16.0,-20.94,-69.81
30.0,-0.45,-4.89
36.0,-31.55,-178.6
0.0,43.81,54.82
24.0,27.59,56.38
50.0,-7.31,-81.27
33.0,40.4,63.66
36.0,-16.73,179.99
74.0,27.8,60.02
9.0,41.5,143.84
13.0,-26.16,-70.59
50.0,-10.75,166.34
23.0,-4.84,145.1
14.0,34.09,58.24
50.0,31.49,80.5
8.0,55.15,-160.57
28.0,29.68,-67.45
7.0,44.34,150.85
14.0,53.02,171.35
55.0,-6.44,105.38
2.0,40.14,24.75
204.0,-22.86,-177.47
54.0,44.51,149.55
33.0,-32.0,-178.1
58.0,-15.24,167.3
40.0,16.73,122.29
7.0,39.34,72.56
0.0,-2.25,141.1
0.0,-21.86,-139.0
131.0,-4.06,152.75
159.0,29.74,129.38
59.0,-13.77,166.5
37.0,1.03,126.02
26.0,19.73,147.34
36.0,7.33,123.4
22.0,-6.05,152.63
190.0,-1.73,-76.73
36.0,60.11,-146.71
106.0,-5.05,143.96
32.0,-7.39,155.92
12.0,66.22,-149.98
0.0,49.87,78.89
5.0,64.69,-160.23
31.0,-10.0,160.77
59.0,-4.5,153.53
0.0,47.81,48.1
41.0,51.32,-179.67
47.0,-4.83,102.24
118.0,-6.39,146.31
38.0,3.02,127.01
45.0,27.78,62.07
52.0,6.74,123.74
49.0,0.54,126.05
56.0,12.21,125.29
62.0,42.05,142.66
0.0,49.92,79.03
37.0,-7.53,156.5
25.0,56.45,-153.94
32.0,11.4,57.52
11.0,17.46,119.8
0.0,-44.2,167.96
40.0,3.72,95.74
15.0,32.59,104.25
48.0,-10.77,166.25
14.0,-4.1,136.28
160.0,6.84,-73.09
33.0,-21.05,168.71
0.0,45.4,151.31
23.0,-35.59,-74.54
6.0,-30.32,-177.87
29.0,43.87,87.74
23.0,29.63,81.09
40.0,0.55,126.06
52.0,49.41,155.54
49.0,43.17,147.46
81.0,-26.0,-177.24
29.0,16.33,-95.8
515.0,51.69,150.97
43.0,-4.93,153.18
27.0,-2.51,126.68
56.0,-5.19,152.19
0.0,70.84,53.53
64.0,-22.91,-176.05
585.0,-7.17,123.86
44.0,-41.41,-74.97
58.0,17.35,-100.04
32.0,52.05,175.6
83.0,9.8,125.91
221.0,-19.44,-175.83
74.0,-5.32,151.52
60.0,22.33,93.58
50.0,39.4,74.76
27.0,47.79,146.54
23.0,38.34,22.56
21.0,46.76,141.39
39.0,-5.13,133.91
7.0,-31.94,-177.89
63.0,17.98,-97.16
23.0,-25.51,-70.74
51.0,27.32,128.66
23.0,27.4,87.84
31.0,-36.41,-98.82
217.0,36.41,71.15
10.0,-11.1,162.17
61.0,-5.45,152.02
146.0,-37.28,177.16
10.0,46.99,-66.65
40.0,-57.39,-64.46
141.0,-6.55,106.77
254.0,46.29,146.27
91.0,53.95,-166.82
48.0,-5.7,151.96
68.0,6.8,126.75
58.0,-5.14,151.77
10.0,0.97,-28.44
52.0,-3.24,139.84
54.0,-10.68,161.66
40.0,53.05,170.83
107.0,-4.42,144.08
158.0,-7.63,127.34
29.0,50.57,-171.22
34.0,0.81,29.9
109.0,-19.52,-69.01
7.0,34.77,-121.35
33.0,35.8,79.86
15.0,38.79,26.57
10.0,6.75,-82.72
31.0,-8.89,157.95
33.0,1.17,126.14
190.0,53.91,158.36
80.0,-15.75,-173.65
94.0,-7.76,108.18
54.0,-6.26,147.59
36.0,-6.86,-80.42
115.0,5.89,125.33
33.0,57.09,-154.12
44.0,13.41,122.87
73.0,-37.73,177.66
83.0,-7.0,155.81
7.0,46.96,153.8
46.0,50.86,157.43
56.0,3.56,126.86
162.0,29.93,129.39
27.0,-1.86,120.1
25.0,-11.03,163.41
32.0,-6.15,153.05
209.0,-15.44,-70.05
135.0,-16.96,-174.61
45.0,43.59,147.63
79.0,-18.84,-68.75
20.0,-6.43,153.0
200.0,-16.71,-174.66
31.0,-9.65,151.4
30.0,39.54,143.2
12.0,-30.52,-178.01
10.0,-1.83,134.84
112.0,-0.14,124.0
16.0,-16.64,-177.38
4.0,58.26,-151.25
29.0,22.68,122.84
41.0,17.37,-61.99
60.0,-5.75,150.74
16.0,41.68,144.26
25.0,6.32,127.38
5.0,43.75,148.35
19.0,-20.02,169.77
52.0,-6.79,-76.76
0.0,49.94,78.86
40.0,43.33,146.03
40.0,-24.15,-175.97
577.0,-27.62,-63.15
7.0,39.34,73.77
45.0,-6.61,105.4
33.0,-41.31,80.52
53.0,40.3,142.33
102.0,-4.07,142.11
25.0,37.65,136.9
41.0,54.92,167.87
45.0,51.34,173.44
87.0,-24.47,-68.46
85.0,-11.73,166.38
0.0,73.39,54.5
32.0,0.52,-29.47
16.0,44.68,149.37
115.0,-5.75,145.39
22.0,56.65,-152.82
0.0,-54.21,158.78
25.0,7.48,-78.28
618.0,-6.84,118.91
35.0,-6.14,152.03
114.0,-56.45,-27.7
127.0,-15.56,167.62
27.0,17.54,73.84
42.0,-10.31,160.74
329.0,46.21,142.45
193.0,36.44,70.86
46.0,-32.64,-71.67
45.0,-37.27,179.32
517.0,-21.95,-63.65
34.0,18.27,119.2
20.0,50.32,177.93
13.0,-17.68,167.8
38.0,-22.59,171.02
56.0,-29.02,-177.42
101.0,-6.21,130.39
33.0,-33.24,-71.78
41.0,-5.43,151.97
29.0,70.97,-6.86
3.0,7.41,-78.05
5.0,50.02,178.28
31.0,52.17,175.17
0.0,49.85,78.97
41.0,-33.07,-68.58
62.0,50.51,156.58
0.0,49.85,78.92
46.0,-30.81,-71.16
30.0,-6.37,151.66
66.0,9.0,126.27
18.0,14.67,44.23
149.0,6.01,126.01
33.0,-13.18,166.32
19.0,18.79,121.91
183.0,29.79,140.11
316.0,16.57,145.48
60.0,10.36,125.87
49.0,-26.52,-70.66
40.0,6.93,124.04
43.0,-5.52,153.87
43.0,8.69,127.35
41.0,8.24,122.36
70.0,-8.62,125.07
144.0,-21.37,170.31
159.0,-4.35,153.45
62.0,-4.7,153.17
29.0,-10.59,-79.67
28.0,14.48,51.98
0.0,49.91,78.91
629.0,-21.0,-178.99
69.0,-7.17,106.1
0.0,49.91,78.97
0.0,50.05,79.06
62.0,-4.94,133.99
39.0,27.87,54.3
23.0,-9.93,119.6
37.0,-20.64,172.57
515.0,-23.98,-179.8
88.0,-10.34,161.2
33.0,-3.43,135.65
0.0,49.87,78.92
119.0,-11.87,166.55
61.0,6.54,126.81
596.0,-14.2,172.02
116.0,-31.4,-110.99
45.0,44.09,148.68
39.0,-3.01,139.62
64.0,-6.39,154.92
7.0,-30.91,-68.21
214.0,36.43,71.12
26.0,55.75,-155.88
107.0,-2.52,119.22
139.0,-7.5,127.83
32.0,-5.04,129.99
101.0,-0.61,123.28
33.0,-11.14,115.36
109.0,-56.02,-27.98
15.0,-14.01,23.82
62.0,-6.55,155.0
592.0,-28.14,-63.15
33.0,-60.46,-24.91
494.0,-4.63,154.89
63.0,-5.23,153.59
6.0,22.5,122.08
15.0,-10.01,150.2
0.0,47.87,48.06
43.0,44.16,148.23
0.0,50.05,78.93
102.0,-23.53,-177.27
29.0,-12.49,166.37
33.0,-10.58,161.75
441.0,31.99,137.61
4.0,-8.1,125.38
43.0,19.05,122.12
30.0,12.5,126.06
181.0,-28.25,-178.27
0.0,49.88,78.84
26.0,-15.86,167.36
17.0,-31.44,-67.44
21.0,24.79,125.98
57.0,41.85,142.78
148.0,18.0,-64.67
0.0,73.34,54.73
100.0,-11.17,-75.01
0.0,49.94,79.1
17.0,58.83,-149.29
46.0,33.67,141.17
49.0,-2.73,139.33
0.0,-2.11,139.79
42.0,-11.21,162.13
21.0,11.86,142.38
51.0,1.99,126.94
16.0,40.48,139.09
33.0,-5.55,-77.2
73.0,24.43,122.25
19.0,30.71,141.82
50.0,29.96,80.46
53.0,48.29,154.36
48.0,18.53,-102.93
21.0,-14.02,-14.49
11.0,11.85,-13.51
20.0,4.96,-78.12
0.0,70.8,53.42
640.0,-21.57,-179.35
85.0,-12.74,-76.04
260.0,-0.07,122.52
9.0,34.4,-118.43
78.0,12.18,140.8
33.0,-22.46,-174.61
0.0,-51.49,28.98
41.0,24.02,122.23
0.0,49.72,78.07
59.0,-13.74,166.74
26.0,1.35,126.4
18.0,15.57,-99.48
46.0,-13.92,166.65
50.0,-30.68,-71.2
0.0,23.86,-45.57
44.0,52.76,-166.9
26.0,39.17,41.56
110.0,4.92,127.53
72.0,43.26,147.39
48.0,-13.61,166.66
31.0,11.71,-85.86
10.0,-6.85,72.04
35.0,-60.44,-26.44
41.0,43.44,147.82
11.0,28.39,52.78
31.0,-53.37,23.6
32.0,-32.63,-178.19
19.0,51.67,176.04
103.0,-9.87,161.18
41.0,-22.11,174.76
29.0,-29.51,25.17
0.0,-6.34,151.18
33.0,-9.97,160.59
208.0,-17.76,-175.06
16.0,-0.14,131.79
33.0,-15.49,167.1
36.0,-22.67,171.42
46.0,-4.44,152.81
101.0,-56.09,-27.55
154.0,48.31,153.16
35.0,-18.52,168.15
46.0,52.68,-166.97
63.0,-6.84,155.41
49.0,54.04,160.93
91.0,2.97,125.91
56.0,14.65,-92.59
0.0,49.95,78.98
98.0,-14.77,167.12
18.0,-4.52,146.2
119.0,1.81,127.45
12.0,-3.54,151.29
0.0,37.59,-118.8
102.0,-4.84,-78.09
40.0,48.82,154.93
38.0,43.61,147.18
0.0,-21.86,-139.0
187.0,-22.73,-66.62
43.0,-2.83,118.76
192.0,-23.1,-177.27
76.0,43.16,146.17
10.0,-51.94,-74.14
22.0,-23.4,-174.72
217.0,-13.94,167.18
10.0,-11.02,163.45
5.0,56.68,120.95
465.0,-7.08,117.95
0.0,53.21,-166.92
40.0,-32.68,-71.63
0.0,47.79,48.11
10.0,56.52,-152.61
26.0,39.46,73.63
27.0,15.93,-46.69
15.0,-3.52,143.86
64.0,9.2,126.19
10.0,39.96,24.39
26.0,-20.24,168.2
205.0,36.52,71.1
26.0,41.52,142.82
56.0,38.98,141.93
140.0,5.82,126.98
57.0,-9.1,119.09
39.0,17.7,147.65
72.0,-6.99,147.39
56.0,51.46,-179.95
44.0,52.21,158.95
37.0,-1.47,126.5
164.0,36.48,71.05
12.0,50.19,91.24
23.0,-28.78,-177.39
33.0,27.61,33.91
10.0,40.31,63.72
472.0,-31.79,-179.51
55.0,-7.27,156.14
19.0,-9.61,159.77
0.0,49.89,78.9
28.0,14.06,124.87
33.0,-55.73,-26.04
37.0,54.99,-159.24
125.0,1.55,127.32
60.0,-7.89,107.55
4.0,34.95,23.05
39.0,7.0,91.33
21.0,-7.58,154.61
0.0,49.93,78.98
6.0,16.08,-59.79
454.0,29.35,138.92
0.0,73.39,54.58
82.0,30.63,140.85
72.0,-6.07,148.21
29.0,-29.48,-177.57
31.0,27.47,56.24
65.0,16.73,-61.44
52.0,7.09,123.59
53.0,-3.17,118.91
42.0,52.4,-169.54
40.0,-3.06,139.62
77.0,-6.02,154.56
99.0,-17.86,-174.57
122.0,-14.99,167.3
30.0,-15.35,-173.54
32.0,14.92,99.05
11.0,28.27,130.67
42.0,-9.52,119.39
19.0,0.85,-79.63
441.0,26.96,140.48
151.0,-6.89,129.21
30.0,-38.03,-72.78
33.0,-54.74,-38.3
30.0,57.86,-137.42
33.0,-60.96,-22.96
37.0,11.26,139.57
39.0,32.15,131.98
38.0,10.43,-62.71
33.0,-45.1,166.68
23.0,-30.18,-177.96
57.0,-7.48,156.01
60.0,51.82,177.12
0.0,49.92,77.76
94.0,55.79,161.33
96.0,-6.61,101.7
518.0,26.29,140.7
8.0,1.09,121.0
336.0,3.86,124.26
54.0,-6.64,155.09
23.0,44.61,149.38
43.0,36.4,141.44
44.0,1.81,126.41
256.0,-15.89,-175.04
17.0,1.16,126.2
119.0,-4.11,142.88
33.0,53.61,161.38
10.0,-55.42,160.23
33.0,-3.65,144.5
545.0,5.66,123.59
43.0,1.87,126.48
534.0,-10.2,159.9
72.0,-7.9,158.68
22.0,56.6,-152.21
49.0,40.3,142.39
14.0,-11.12,125.15
113.0,37.16,71.64
33.0,-4.37,-102.04
45.0,32.18,142.37
75.0,37.96,22.38
77.0,-33.76,-71.19
40.0,53.03,-167.55
52.0,7.33,123.54
0.0,-21.86,-138.94
27.0,0.66,126.08
29.0,-3.49,177.64
33.0,-9.73,160.17
599.0,-6.1,113.36
33.0,-1.71,136.05
51.0,1.03,147.56
31.0,29.89,57.72
3.0,-0.95,128.47
35.0,12.91,125.89
0.0,36.16,1.4
45.0,35.05,72.91
44.0,43.38,146.46
23.0,57.37,-152.27
0.0,49.44,-129.57
29.0,2.45,129.13
22.0,45.59,152.24
99.0,-5.07,144.2
7.0,51.66,174.59
228.0,-5.43,146.76
91.0,-21.29,-68.2
43.0,19.89,120.54
542.0,9.23,123.92
53.0,-17.58,-174.39
0.0,-48.55,164.7
44.0,44.65,148.99
24.0,34.8,139.22
54.0,-5.92,103.92
65.0,18.22,-98.2
49.0,-9.88,160.5
24.0,-14.66,166.41
35.0,-2.84,119.57
75.0,-5.14,154.74
86.0,-21.75,170.53
125.0,42.53,141.75
61.0,-17.54,-174.44
32.0,-22.3,170.39
124.0,23.09,94.7
10.0,53.08,173.58
33.0,-11.74,164.81
101.0,-11.43,166.37
60.0,38.83,142.03
0.0,49.97,78.86
30.0,43.58,-127.89
25.0,-14.32,171.29
11.0,34.72,-121.28
21.0,11.86,142.35
5.0,66.25,-16.54
0.0,73.41,54.5
42.0,-5.51,151.91
198.0,3.69,125.14
110.0,-31.95,-68.4
37.0,39.71,118.37
20.0,-10.15,161.01
77.0,3.11,128.06
7.0,-1.76,149.75
34.0,9.51,-83.95
26.0,-6.04,152.9
1.0,-16.05,-173.0
10.0,23.96,125.92
406.0,27.22,140.29
3.0,-22.08,126.65
74.0,33.87,131.91
0.0,49.95,79.03
392.0,-5.48,154.25
33.0,-9.76,160.69
7.0,-32.2,78.93
123.0,-9.49,-74.65
96.0,18.31,-100.5
37.0,16.86,122.39
12.0,-9.2,148.17
0.0,49.89,78.86
7.0,-17.62,167.53
43.0,-0.85,-22.07
150.0,53.26,-170.53
0.0,47.9,48.07
49.0,-5.86,151.31
3.0,-6.0,150.75
55.0,-5.25,153.7
2.0,44.38,149.42
7.0,-2.3,22.83
607.0,-4.34,122.14
112.0,-5.91,145.88
48.0,17.45,-100.65
27.0,36.23,-7.61
49.0,-15.57,167.24
13.0,10.72,-41.68
36.0,-7.38,154.69
56.0,19.42,-104.98
23.0,-5.81,151.55
134.0,-3.63,139.44
199.0,0.09,123.31
36.0,40.75,142.96
50.0,-8.75,124.04
62.0,-6.03,154.56
552.0,42.48,131.05
156.0,-7.65,-74.46
43.0,-20.59,169.31
45.0,32.39,131.96
613.0,-9.21,-71.22
0.0,-1.52,136.67
10.0,24.84,-46.29
69.0,-7.01,155.75
523.0,-7.21,124.69
37.0,37.71,48.95
45.0,-30.86,-178.21
605.0,-21.1,-179.18
49.0,-3.88,35.06
33.0,29.62,80.83
6.0,41.35,139.1
11.0,-32.65,-177.81
25.0,-14.91,-172.83
45.0,-60.63,-25.27
11.0,0.28,119.37
218.0,5.13,125.17
32.0,60.05,-148.39
21.0,-31.24,-67.9
223.0,42.65,139.2
90.0,2.34,128.4
0.0,56.19,163.31
28.0,37.49,115.06
33.0,-5.36,151.86
39.0,42.92,146.39
43.0,56.14,-157.14
29.0,-23.19,-70.11
128.0,33.51,131.51
45.0,44.48,150.19
37.0,61.04,-147.37
56.0,44.27,148.9
14.0,7.76,123.52
135.0,-15.57,167.57
14.0,35.97,-10.58
24.0,46.41,153.39
52.0,-3.25,142.33
3.0,-60.57,-50.35
47.0,24.11,122.48
77.0,-21.35,-68.1
15.0,17.38,-59.63
44.0,-14.06,166.23
38.0,-9.28,158.21
43.0,7.15,84.33
7.0,65.46,-150.07
20.0,33.9,139.45
571.0,-26.06,-63.1
10.0,13.15,-87.56
43.0,60.97,-147.47
42.0,36.31,143.3
30.0,26.84,142.74
31.0,-15.91,-178.47
34.0,-49.57,163.93
36.0,-6.48,154.64
99.0,-29.6,-69.42
68.0,10.04,125.86
556.0,41.66,131.05
119.0,-16.31,-71.66
74.0,-5.4,152.07
10.0,34.57,138.75
0.0,43.72,147.8
3.0,-2.95,139.64
33.0,-27.97,-70.3
72.0,4.77,127.5
34.0,35.98,-17.56
18.0,38.37,22.4
29.0,-30.65,-177.82
49.0,-7.15,155.21
62.0,28.55,129.15
50.0,46.22,153.14
6.0,-55.92,-28.07
189.0,-7.11,129.06
27.0,-3.66,141.74
33.0,-4.4,-102.1
14.0,41.42,79.2
18.0,51.76,176.08
12.0,-9.43,148.94
86.0,-15.86,-172.97
29.0,-39.78,-104.87
111.0,-5.42,154.28
36.0,-25.67,-70.63
33.0,-55.19,-128.87
32.0,39.83,143.16
24.0,30.61,103.05
17.0,60.73,-141.55
0.0,73.39,54.65
7.0,-8.12,156.35
11.0,-16.85,174.9
44.0,38.54,142.14
46.0,40.22,143.55
8.0,6.22,124.11
33.0,-48.95,164.46
79.0,-6.04,148.77
36.0,14.01,124.37
13.0,55.72,-155.95
58.0,-5.97,144.38
58.0,49.98,156.22
38.0,-9.42,159.34
48.0,24.17,122.39
0.0,49.85,78.87
49.0,38.71,142.75
0.0,49.91,78.92
147.0,-39.02,175.23
99.0,52.85,159.22
10.0,-3.79,134.01
124.0,48.04,153.13
88.0,-55.99,-27.62
30.0,52.74,172.05
215.0,-13.35,167.13
56.0,27.49,128.48
21.0,-20.01,-174.23
33.0,-5.53,151.84
88.0,-17.32,-70.53
7.0,39.16,71.35
69.0,-12.25,166.61
31.0,16.3,122.11
21.0,-3.94,152.04
27.0,-60.33,-27.25
63.0,-3.21,145.43
21.0,12.15,143.82
37.0,-5.96,146.33
0.0,49.88,78.96
70.0,-5.96,154.43
160.0,0.4,122.11
0.0,49.91,78.94
82.0,-4.93,130.09
35.0,31.5,100.33
39.0,-3.1,148.0
0.0,49.94,78.85
10.0,33.96,59.53
62.0,-9.98,162.06
56.0,53.97,-165.22
43.0,51.32,-179.44
0.0,49.87,78.97
87.0,-6.55,147.28
61.0,-34.0,-71.45
164.0,-5.6,148.35
1.0,27.4,88.8
52.0,-56.03,-27.47
33.0,-16.22,-173.08
43.0,38.19,90.97
92.0,-12.28,-76.3
116.0,-7.02,129.61
41.0,1.4,126.27
635.0,-22.75,178.76
6.0,55.05,-160.51
50.0,16.14,-95.25
31.0,-21.25,-174.41
118.0,5.14,127.44
24.0,54.73,161.7
138.0,-14.92,167.14
77.0,-29.37,-176.13
156.0,-6.93,129.52
33.0,-9.81,159.85
3.0,-8.04,155.56
45.0,44.56,151.03
37.0,14.61,-93.29
35.0,-17.15,-171.57
20.0,-6.59,153.47
0.0,49.88,78.89
46.0,46.01,152.88
73.0,6.41,126.62
0.0,49.94,78.98
122.0,-5.02,153.65
71.0,-6.36,154.84
125.0,-15.37,-71.71
45.0,-9.28,-79.05
10.0,-35.1,54.26
0.0,50.01,79.03
4.0,-27.82,-71.1
60.0,-9.8,108.49
0.0,43.87,54.78
0.0,49.97,78.95
230.0,36.64,71.26
35.0,52.89,-162.98
35.0,18.02,-69.79
10.0,-51.15,160.64
36.0,2.93,-74.83
228.0,-5.45,147.05
41.0,-61.1,-38.01
107.0,-5.93,130.68
22.0,23.87,121.61
67.0,-2.76,139.18
85.0,-10.22,161.48
193.0,-6.14,129.69
0.0,-21.85,-139.0
105.0,-56.05,-27.37
37.0,-4.74,145.0
42.0,43.43,147.05
68.0,-29.35,-177.29
1.0,38.9,21.1
5.0,-26.55,-70.62
19.0,28.7,52.12
6.0,61.51,-147.2
47.0,38.76,142.22
63.0,5.16,96.31
40.0,-29.69,-177.73
33.0,-60.84,-24.33
9.0,34.08,59.8
177.0,-12.11,166.67
20.0,1.94,94.61
32.0,-3.74,143.01
51.0,44.78,149.21
136.0,-58.36,-26.83
24.0,42.48,78.71
44.0,3.74,148.97
36.0,16.56,-97.79
33.0,-8.84,156.97
588.0,-17.89,-178.6
64.0,-5.39,151.73
189.0,-34.85,178.79
33.0,3.93,-85.88
5.0,43.12,146.56
35.0,24.02,122.26
1.0,3.4,96.28
84.0,-21.4,169.87
88.0,-9.12,113.04
10.0,40.32,69.82
70.0,43.45,147.98
36.0,44.15,148.2
56.0,51.57,-177.37
53.0,44.72,149.46
10.0,20.33,-115.79
24.0,11.15,140.23
8.0,-47.53,32.26
55.0,-5.33,153.08
12.0,52.93,171.45
53.0,-1.81,120.46
33.0,-29.22,-175.94
48.0,48.21,154.33
33.0,10.09,125.9
153.0,-14.53,-70.8
22.0,-6.46,151.55
99.0,-16.0,-71.88
10.0,8.16,-38.77
34.0,-30.5,-71.38
543.0,-23.45,-179.87
21.0,-41.72,172.03
46.0,14.42,56.36
99.0,-29.86,-69.5
80.0,-5.66,150.99
33.0,-54.0,159.35
5.0,42.04,-112.41
10.0,39.56,117.87
1.0,-18.93,-176.52
195.0,28.96,128.23
52.0,-6.55,154.97
0.0,-21.85,-138.94
33.0,-16.79,-172.02
1.0,15.79,-59.64
22.0,16.93,120.19
8.0,22.76,121.47
31.0,-66.49,-82.45
12.0,-63.43,-61.36
33.0,19.57,-69.58
40.0,-33.15,-71.69
33.0,7.18,123.55
5.0,44.74,149.15
52.0,33.48,141.05
56.0,-55.72,-28.75
74.0,12.57,144.24
30.0,-3.41,102.58
44.0,-33.14,-71.84
26.0,-1.92,126.64
4.0,-9.96,160.5
105.0,-6.2,146.1
181.0,11.91,-85.98
48.0,39.29,22.91
35.0,3.96,-85.88
68.0,-32.42,-71.1
33.0,-32.98,-71.87
72.0,-31.3,-177.67
92.0,2.35,127.56
10.0,-36.0,-17.08
4.0,-6.79,151.8
60.0,47.41,-122.29
34.0,-30.63,-177.6
45.0,34.57,70.47
46.0,51.42,-174.11
26.0,3.78,126.81
17.0,-23.0,170.6
19.0,34.81,139.29
56.0,-10.51,-78.3
6.0,-12.44,-77.46
116.0,-5.53,150.69
3.0,-30.6,-178.21
24.0,-4.56,139.28
44.0,38.12,142.26
33.0,-10.89,119.17
10.0,43.5,-127.62
22.0,-5.1,145.13
44.0,-22.28,-70.55
20.0,34.01,141.64
62.0,33.34,140.82
656.0,8.17,123.77
0.0,49.86,78.84
41.0,-3.21,139.69
1.0,1.2,126.34
47.0,49.13,155.97
10.0,-58.47,-15.97
81.0,6.51,126.65
128.0,-15.09,167.31
12.0,38.4,139.26
161.0,4.49,-75.77
28.0,53.64,169.74
48.0,24.1,122.44
17.0,-30.97,-178.13
587.0,-21.66,-179.42
26.0,-4.07,127.9
33.0,-46.54,165.91
50.0,13.0,144.5
76.0,-5.18,151.75
1.0,33.71,22.94
51.0,29.41,130.64
55.0,-11.16,115.42
80.0,-0.07,124.1
229.0,29.28,128.1
0.0,49.84,78.69
429.0,-32.36,179.88
37.0,39.25,140.71
15.0,-9.81,119.29
114.0,5.23,127.36
51.0,-22.95,-69.09
0.0,70.81,53.91
17.0,1.85,126.4
5.0,-15.36,-173.3
45.0,-5.93,154.05
267.0,-15.83,-174.8
83.0,-21.59,-175.32
596.0,-20.82,-178.67
80.0,22.41,121.26
52.0,49.45,156.58
95.0,-10.2,161.16
56.0,-3.01,139.08
36.0,20.95,120.26
49.0,-22.96,-176.14
59.0,-5.24,151.71
50.0,-6.49,151.18
0.0,-5.88,151.86
10.0,-60.91,-53.1
75.0,-4.66,153.06
182.0,-14.6,167.31
1.0,1.38,126.24
96.0,-5.13,153.55
58.0,44.45,148.84
44.0,22.11,145.9
122.0,-8.62,-74.55
98.0,-56.24,-27.9
38.0,13.38,120.34
148.0,3.63,125.92
42.0,22.27,121.52
23.0,-9.53,152.21
274.0,-29.41,-179.03
33.0,-49.35,164.09
1.0,32.38,78.5
28.0,18.18,-102.01
13.0,51.54,-173.11
3.0,38.85,40.52
30.0,-20.36,168.89
41.0,49.16,155.31
34.0,22.19,121.42
0.0,73.32,54.55
3.0,28.3,53.17
45.0,-4.2,152.84
34.0,40.3,28.23
74.0,-11.04,119.17
37.0,28.04,93.75
27.0,-33.28,-179.28
9.0,20.05,-155.16
18.0,39.21,29.51
23.0,27.57,56.3
33.0,-54.59,5.4
12.0,54.8,-161.29
46.0,-5.54,153.36
41.0,53.31,-162.41
0.0,49.91,78.85
13.0,-9.29,158.46
33.0,-11.48,118.21
46.0,-29.34,-68.09
0.0,49.87,78.97
30.0,9.3,125.57
32.0,-2.9,139.08
373.0,-24.83,-179.19
60.0,-7.15,129.83
37.0,-20.03,168.91
0.0,19.55,-70.22
7.0,-25.98,-67.72
33.0,-24.01,-175.9
22.0,40.25,139.01
0.0,49.83,78.71
97.0,-19.63,169.1
386.0,-31.55,179.79
136.0,-14.03,167.04
33.0,40.67,30.69
34.0,33.37,57.44
97.0,-35.63,179.01
33.0,-14.83,-178.75
60.0,11.78,125.5
38.0,51.21,173.62
3.0,34.03,59.81
26.0,11.7,144.57
70.0,-0.02,124.84
14.0,60.22,-141.27
75.0,-29.92,-177.8
166.0,-23.81,-67.2
398.0,30.89,138.48
56.0,-4.96,131.03
29.0,21.0,120.68
33.0,37.3,71.07
41.0,-14.92,166.48
128.0,-15.4,167.55
331.0,-30.54,-178.03
17.0,16.47,-98.86
59.0,-5.21,151.65
10.0,-1.39,-15.02
599.0,-27.97,-62.9
38.0,-6.88,150.03
3.0,36.25,1.61
80.0,-6.73,129.84
22.0,51.82,176.15
42.0,7.99,126.95
0.0,47.78,48.14
61.0,51.24,157.76
66.0,-5.95,153.84
38.0,-10.74,-78.63
48.0,44.62,149.69
12.0,33.95,139.51
40.0,7.18,-77.76
88.0,24.56,122.53
45.0,-29.7,-177.78
0.0,7.11,-82.31
114.0,-14.89,167.22
33.0,-50.84,139.19
2.0,53.0,173.47
74.0,-6.22,154.85
89.0,8.9,93.03
33.0,-27.93,173.13
60.0,-5.88,154.31
46.0,-6.54,105.37
38.0,-10.64,166.29
18.0,-3.31,139.91
55.0,-10.14,-78.6
50.0,-4.43,102.0
38.0,-13.57,166.2
33.0,-4.69,-105.74
90.0,-56.4,-26.54
150.0,9.57,-72.63
63.0,27.48,128.57
20.0,18.02,-69.3
574.0,-17.84,-178.53
37.0,32.48,132.28
528.0,-6.59,116.18
0.0,44.39,146.87
55.0,-29.32,-177.24
51.0,57.7,163.56
24.0,-60.75,-25.6
9.0,-39.93,-74.89
34.0,-5.26,153.46
33.0,-52.53,159.7
33.0,-7.97,102.27
37.0,-5.05,102.38
15.0,-17.9,172.12
28.0,-25.18,-70.54
120.0,-31.34,-178.72
33.0,-26.6,-114.59
54.0,-17.3,-72.48
26.0,57.17,-152.45
15.0,24.12,102.49
33.0,-4.54,139.93
45.0,51.34,-179.29
9.0,13.3,-92.41
578.0,50.06,148.77
34.0,-3.31,139.76
3.0,40.78,23.24
31.0,40.22,139.04
35.0,0.53,134.84
16.0,40.55,139.21
22.0,58.69,-149.93
46.0,44.01,147.78
10.0,-20.13,-126.94
14.0,56.85,-152.69
413.0,-5.13,154.23
29.0,-9.99,117.29
35.0,11.91,41.21
16.0,-30.18,-177.91
34.0,-7.49,130.59
333.0,-24.98,-178.88
22.0,0.06,119.73
49.0,-6.08,148.77
58.0,-6.55,154.98
17.0,-15.29,-173.07
22.0,55.2,162.0
33.0,-44.6,37.34
122.0,-7.28,129.16
39.0,38.38,142.41
38.0,51.27,-179.17
51.0,10.06,-77.89
38.0,-5.25,152.13
73.0,-4.86,153.5
35.0,-22.34,-113.98
162.0,5.76,125.61
587.0,-21.87,-179.54
9.0,32.78,104.09
0.0,-6.73,154.81
68.0,5.6,126.3
0.0,43.63,146.5
